2022-03-18 17:07:53.105000,B,0.0,0.0,0.0,-1.05,-2.007,-1.155,-1.05,-2.007,-1.155,-1.812,-3.876,-2.606,-2.189,-6.697,-4.177,-2.189,-6.697,-4.177,0.285,-8.951,-4.64,0.285,-8.951,-4.64,1.714,-9.358,-4.619,2.616,-9.743,-4.604,1.796,-8.561,-4.089,1.622,-9.825,-4.944,0.915,-3.542,-3.264,-2.899,-2.855,-2.253,-2.803,-3.596,-1.916,-2.355,-9.6,-0.732,-2.355,-9.6,-0.732,-2.355,-9.6,-0.732,-1.692,-13.332,-0.842,-1.692,-13.332,-0.842,-1.231,-15.712,-1.025,-1.231,-15.712,-1.025,-0.951,-16.833,-0.946,-0.661,-17.861,-0.77,-0.853,-17.224,-1.49,-0.829,-17.152,-0.305,-0.173,-9.565,-0.254,-0.173,-9.565,-0.254,-0.173,-9.565,-0.254,0.748,-13.716,-0.84,0.748,-13.716,-0.84,1.351,-16.347,-1.393,1.351,-16.347,-1.393,1.648,-17.531,-1.413,1.999,-18.76,-1.324,1.726,-18.058,-2.049,1.842,-17.987,-0.767,0.178,-9.71,0.825,1.747,-8.869,-0.653,1.747,-8.869,-0.653,1.747,-8.869,-0.653,2.657,-12.645,-1.004,2.657,-12.645,-1.004,3.255,-15.197,-1.443,3.255,-15.197,-1.443,3.468,-16.364,-1.57,3.746,-17.583,-1.549,3.5,-16.922,-2.208,3.633,-16.83,-0.969,3.505,-7.79,-1.369,3.505,-7.79,-1.369,-2.425,-10.016,-2.384,-0.062,-9.873,-2.065,1.882,-9.011,-2.344,3.803,-7.671,-2.713,-2.193,-9.612,0.522,2.064,-8.773,0.343,3.735,-7.58,-0.413,-0.424,-8.176,-2.054,-2.514,-3.113,0.263,-0.086,-3.226,1.39,0.987,-3.179,1.272,1.531,-3.089,1.057,-1.211,-2.388,-3.35,-1.211,-2.388,-3.35,1.04,-2.507,-2.955,1.862,-2.456,-2.868,2.3,-3.407,-0.942,3.505,-7.79,-1.369,4.095,-10.781,-1.742,4.095,-10.781,-1.742,4.611,-12.707,-2.132,4.611,-12.707,-2.132,4.825,-13.87,-2.271,5.022,-14.86,-2.265,4.844,-14.33,-2.847,5.019,-14.241,-1.762,0.0,0.0,0.0
2022-03-18 17:08:00.102000,C,0.0,0.0,0.0,-1.05,-2.007,-1.155,-1.05,-2.007,-1.155,-1.94,-3.859,-2.553,-2.05,-5.799,-5.16,-2.05,-5.799,-5.16,-1.671,-8.224,-7.482,-1.671,-8.224,-7.482,-1.486,-9.154,-8.627,-1.483,-9.797,-9.368,-0.616,-9.256,-8.231,-2.016,-9.061,-8.833,0.814,-3.263,-2.754,-3.1,-3.08,-1.924,-2.803,-3.596,-1.916,-2.355,-9.6,-0.732,-2.355,-9.6,-0.732,-2.355,-9.6,-0.732,-1.751,-12.087,-3.531,-1.751,-12.087,-3.531,-1.537,-12.37,-5.935,-1.537,-12.37,-5.935,-1.412,-12.328,-7.086,-1.245,-12.382,-8.155,-1.492,-11.757,-7.441,-1.204,-12.908,-7.469,-0.173,-9.565,-0.254,-0.173,-9.565,-0.254,-0.173,-9.565,-0.254,0.051,-12.112,-3.702,0.051,-12.112,-3.702,0.007,-12.11,-6.457,0.007,-12.11,-6.457,-0.091,-11.76,-7.622,-0.137,-11.493,-8.875,-0.268,-11.02,-7.952,0.032,-12.231,-8.276,0.226,-10.454,0.344,1.747,-8.869,-0.653,1.747,-8.869,-0.653,1.747,-8.869,-0.653,2.135,-11.491,-3.514,2.135,-11.491,-3.514,1.873,-11.839,-6.135,1.873,-11.839,-6.135,1.552,-11.585,-7.257,1.287,-11.46,-8.471,1.262,-10.91,-7.679,1.581,-12.109,-7.831,3.505,-7.79,-1.369,3.505,-7.79,-1.369,-2.425,-10.016,-2.384,-0.062,-9.873,-2.065,1.882,-9.011,-2.344,3.803,-7.671,-2.713,-2.193,-9.612,0.522,2.064,-8.773,0.343,3.735,-7.58,-0.413,-0.424,-8.176,-2.054,-2.514,-3.113,0.263,-0.086,-3.226,1.39,0.987,-3.179,1.272,1.531,-3.089,1.057,-1.211,-2.388,-3.35,-1.211,-2.388,-3.35,1.04,-2.507,-2.955,1.862,-2.456,-2.868,2.3,-3.407,-0.942,3.505,-7.79,-1.369,3.602,-10.378,-3.02,3.602,-10.378,-3.02,3.163,-10.844,-4.948,3.163,-10.844,-4.948,2.732,-10.971,-6.051,2.389,-11.201,-6.971,2.461,-10.511,-6.56,2.749,-11.556,-6.355,0.0,0.0,0.0
2022-03-18 17:08:01.109000,other,0.0,0.0,0.0,-1.05,-2.007,-1.155,-1.05,-2.007,-1.155,-2.69,-3.652,-2.038,-4.149,-6.555,-2.147,-4.149,-6.555,-2.147,-4.738,-9.883,-2.132,-4.738,-9.883,-2.132,-5.08,-11.321,-2.29,-5.391,-12.25,-2.307,-4.133,-11.392,-2.442,-5.642,-11.233,-2.198,-0.698,-4.259,-3.948,-3.308,-2.316,-1.612,-2.803,-3.596,-1.916,-2.355,-9.6,-0.732,-2.355,-9.6,-0.732,-2.355,-9.6,-0.732,-1.515,-13.27,-1.185,-1.515,-13.27,-1.185,-0.942,-15.612,-1.496,-0.942,-15.612,-1.496,-0.608,-16.72,-1.48,-0.268,-17.742,-1.362,-0.495,-17.076,-2.044,-0.467,-17.068,-0.858,-0.173,-9.565,-0.254,-0.173,-9.565,-0.254,-0.173,-9.565,-0.254,0.83,-13.616,-1.258,0.83,-13.616,-1.258,1.497,-16.212,-1.896,1.497,-16.212,-1.896,1.815,-17.382,-2.036,2.192,-18.606,-2.072,1.884,-17.846,-2.72,2.037,-17.893,-1.441,0.205,-9.804,0.799,1.747,-8.869,-0.653,1.747,-8.869,-0.653,1.747,-8.869,-0.653,2.729,-12.595,-1.253,2.729,-12.595,-1.253,3.395,-15.117,-1.76,3.395,-15.117,-1.76,3.629,-16.27,-1.966,3.93,-17.481,-2.029,3.662,-16.783,-2.639,3.812,-16.77,-1.399,3.505,-7.79,-1.369,3.505,-7.79,-1.369,-2.425,-10.016,-2.384,-0.062,-9.873,-2.065,1.882,-9.011,-2.344,3.803,-7.671,-2.713,-2.193,-9.612,0.522,2.064,-8.773,0.343,3.735,-7.58,-0.413,-0.424,-8.176,-2.054,-2.514,-3.113,0.263,-0.086,-3.226,1.39,0.987,-3.179,1.272,1.531,-3.089,1.057,-1.211,-2.388,-3.35,-1.211,-2.388,-3.35,1.04,-2.507,-2.955,1.862,-2.456,-2.868,2.3,-3.407,-0.942,3.505,-7.79,-1.369,4.265,-10.766,-1.418,4.265,-10.766,-1.418,4.745,-12.651,-2.003,4.745,-12.651,-2.003,4.94,-13.797,-2.26,5.126,-14.784,-2.356,4.928,-14.201,-2.877,5.152,-14.216,-1.798,0.0,0.0,0.0
2022-03-18 17:08:02.097000,other,0.0,0.0,0.0,-1.05,-2.007,-1.155,-1.05,-2.007,-1.155,-2.778,-3.609,-1.945,-4.297,-6.482,-1.865,-4.297,-6.482,-1.865,-4.63,-9.845,-1.851,-4.63,-9.845,-1.851,-5.157,-11.233,-1.927,-5.581,-12.116,-1.886,-4.24,-11.428,-2.137,-5.696,-11.071,-1.802,-0.931,-4.316,-3.963,-3.339,-2.249,-1.52,-2.803,-3.596,-1.916,-2.355,-9.6,-0.732,-2.355,-9.6,-0.732,-2.355,-9.6,-0.732,-1.66,-13.319,-0.994,-1.66,-13.319,-0.994,-1.179,-15.694,-1.176,-1.179,-15.694,-1.176,-0.89,-16.814,-1.115,-0.592,-17.843,-0.956,-0.79,-17.196,-1.665,-0.765,-17.142,-0.479,-0.173,-9.565,-0.254,-0.173,-9.565,-0.254,-0.173,-9.565,-0.254,0.539,-13.712,-1.103,0.539,-13.712,-1.103,1.019,-16.371,-1.639,1.019,-16.371,-1.639,1.261,-17.567,-1.656,1.556,-18.811,-1.564,1.314,-18.1,-2.29,1.435,-18.031,-1.009,0.184,-9.792,0.809,1.747,-8.869,-0.653,1.747,-8.869,-0.653,1.747,-8.869,-0.653,2.337,-12.702,-1.063,2.337,-12.702,-1.063,2.73,-15.297,-1.48,2.73,-15.297,-1.48,2.85,-16.479,-1.597,3.03,-17.715,-1.566,2.836,-17.043,-2.229,2.979,-16.95,-0.991,3.505,-7.79,-1.369,3.505,-7.79,-1.369,-2.425,-10.016,-2.384,-0.062,-9.873,-2.065,1.882,-9.011,-2.344,3.803,-7.671,-2.713,-2.193,-9.612,0.522,2.064,-8.773,0.343,3.735,-7.58,-0.413,-0.424,-8.176,-2.054,-2.514,-3.113,0.263,-0.086,-3.226,1.39,0.987,-3.179,1.272,1.531,-3.089,1.057,-1.211,-2.388,-3.35,-1.211,-2.388,-3.35,1.04,-2.507,-2.955,1.862,-2.456,-2.868,2.3,-3.407,-0.942,3.505,-7.79,-1.369,3.812,-10.843,-1.504,3.812,-10.843,-1.504,4.099,-12.82,-1.872,4.099,-12.82,-1.872,4.175,-14.001,-2.001,4.256,-15.007,-1.988,4.131,-14.466,-2.573,4.332,-14.388,-1.491,0.0,0.0,0.0
2022-03-18 17:08:03.108000,other,0.0,0.0,0.0,-1.05,-2.007,-1.155,-1.05,-2.007,-1.155,-2.732,-3.632,-1.996,-4.22,-6.523,-2.014,-4.22,-6.523,-2.014,-4.54,-9.887,-2.053,-4.54,-9.887,-2.053,-5.007,-11.292,-2.176,-5.396,-12.192,-2.169,-4.075,-11.446,-2.356,-5.556,-11.156,-2.068,-0.806,-4.287,-3.957,-3.323,-2.285,-1.57,-2.803,-3.596,-1.916,-2.355,-9.6,-0.732,-2.355,-9.6,-0.732,-2.355,-9.6,-0.732,-1.739,-13.328,-1.053,-1.739,-13.328,-1.053,-1.31,-15.706,-1.312,-1.31,-15.706,-1.312,-1.043,-16.833,-1.328,-0.766,-17.877,-1.241,-0.959,-17.18,-1.903,-0.917,-17.205,-0.718,-0.173,-9.565,-0.254,-0.173,-9.565,-0.254,-0.173,-9.565,-0.254,0.514,-13.709,-1.137,0.514,-13.709,-1.137,0.973,-16.351,-1.769,0.973,-16.351,-1.769,1.205,-17.546,-1.852,1.489,-18.796,-1.829,1.246,-18.045,-2.514,1.382,-18.045,-1.232,0.185,-9.802,0.806,1.747,-8.869,-0.653,1.747,-8.869,-0.653,1.747,-8.869,-0.653,2.319,-12.703,-1.08,2.319,-12.703,-1.08,2.681,-15.284,-1.601,2.681,-15.284,-1.601,2.786,-16.461,-1.769,2.952,-17.699,-1.793,2.76,-16.996,-2.426,2.914,-16.959,-1.186,3.505,-7.79,-1.369,3.505,-7.79,-1.369,-2.425,-10.016,-2.384,-0.062,-9.873,-2.065,1.882,-9.011,-2.344,3.803,-7.671,-2.713,-2.193,-9.612,0.522,2.064,-8.773,0.343,3.735,-7.58,-0.413,-0.424,-8.176,-2.054,-2.514,-3.113,0.263,-0.086,-3.226,1.39,0.987,-3.179,1.272,1.531,-3.089,1.057,-1.211,-2.388,-3.35,-1.211,-2.388,-3.35,1.04,-2.507,-2.955,1.862,-2.456,-2.868,2.3,-3.407,-0.942,3.505,-7.79,-1.369,3.819,-10.842,-1.526,3.819,-10.842,-1.526,4.111,-12.816,-1.905,4.111,-12.816,-1.905,4.18,-13.993,-2.068,4.256,-14.999,-2.083,4.133,-14.441,-2.652,4.338,-14.395,-1.57,0.0,0.0,0.0
2022-03-18 17:08:04.101000,other,0.0,0.0,0.0,-1.05,-2.007,-1.155,-1.05,-2.007,-1.155,-2.676,-3.658,-2.053,-4.171,-6.499,-2.566,-4.171,-6.499,-2.566,-4.733,-9.808,-2.965,-4.733,-9.808,-2.965,-5.273,-11.159,-3.27,-5.715,-12.026,-3.388,-4.339,-11.36,-3.382,-5.82,-10.994,-3.198,-0.563,-4.112,-3.873,-3.301,-2.36,-1.532,-2.803,-3.596,-1.916,-2.355,-9.6,-0.732,-2.355,-9.6,-0.732,-2.355,-9.6,-0.732,-1.641,-13.214,-1.631,-1.641,-13.214,-1.631,-1.198,-15.177,-2.995,-1.198,-15.177,-2.995,-0.944,-16.026,-3.741,-0.665,-16.873,-4.356,-0.938,-15.933,-4.411,-0.742,-16.686,-3.515,-0.173,-9.565,-0.254,-0.173,-9.565,-0.254,-0.173,-9.565,-0.254,0.772,-13.449,-1.819,0.772,-13.449,-1.819,1.239,-15.401,-3.706,1.239,-15.401,-3.706,1.426,-16.215,-4.596,1.683,-17.133,-5.452,1.333,-16.149,-5.417,1.704,-16.975,-4.5,0.237,-9.943,0.745,1.747,-8.869,-0.653,1.747,-8.869,-0.653,1.747,-8.869,-0.653,2.768,-12.439,-1.844,2.768,-12.439,-1.844,3.141,-14.36,-3.642,3.141,-14.36,-3.642,3.233,-15.226,-4.458,3.408,-16.218,-5.198,3.11,-15.305,-5.293,3.457,-15.95,-4.28,3.505,-7.79,-1.369,3.505,-7.79,-1.369,-2.425,-10.016,-2.384,-0.062,-9.873,-2.065,1.882,-9.011,-2.344,3.803,-7.671,-2.713,-2.193,-9.612,0.522,2.064,-8.773,0.343,3.735,-7.58,-0.413,-0.424,-8.176,-2.054,-2.514,-3.113,0.263,-0.086,-3.226,1.39,0.987,-3.179,1.272,1.531,-3.089,1.057,-1.211,-2.388,-3.35,-1.211,-2.388,-3.35,1.04,-2.507,-2.955,1.862,-2.456,-2.868,2.3,-3.407,-0.942,3.505,-7.79,-1.369,4.087,-10.735,-2.022,4.087,-10.735,-2.022,4.393,-12.465,-3.04,4.393,-12.465,-3.04,4.428,-13.474,-3.672,4.487,-14.386,-4.101,4.315,-13.648,-4.379,4.629,-14.038,-3.397,0.0,0.0,0.0
2022-03-18 17:08:09.098000,other,0.0,0.0,0.0,-1.05,-2.007,-1.155,-1.05,-2.007,-1.155,-2.23,-3.805,-2.401,-2.829,-5.831,-4.872,-2.829,-5.831,-4.872,-1.703,-8.328,-6.85,-1.703,-8.328,-6.85,-0.74,-9.211,-7.56,-0.2,-9.868,-8.047,-0.141,-8.874,-6.888,-1.131,-9.384,-7.947,0.503,-3.418,-3.002,-3.238,-2.92,-1.66,-2.803,-3.596,-1.916,-2.355,-9.6,-0.732,-2.355,-9.6,-0.732,-2.355,-9.6,-0.732,-2.659,-13.363,-1.092,-2.659,-13.363,-1.092,-2.815,-15.746,-1.541,-2.815,-15.746,-1.541,-2.828,-16.899,-1.658,-2.809,-17.982,-1.666,-2.834,-17.204,-2.262,-2.791,-17.342,-1.084,-0.173,-9.565,-0.254,-0.173,-9.565,-0.254,-0.173,-9.565,-0.254,0.08,-12.199,-3.634,0.08,-12.199,-3.634,-0.098,-11.173,-6.185,-0.098,-11.173,-6.185,-0.296,-10.254,-6.964,-0.451,-9.356,-7.864,-0.498,-9.462,-6.826,-0.233,-10.292,-7.776,0.231,-10.436,0.368,1.747,-8.869,-0.653,1.747,-8.869,-0.653,1.747,-8.869,-0.653,1.834,-10.745,-4.071,1.834,-10.745,-4.071,1.041,-8.775,-5.669,1.041,-8.775,-5.669,0.679,-7.738,-5.202,0.296,-6.597,-4.866,0.633,-7.389,-4.431,0.391,-7.16,-5.635,3.505,-7.79,-1.369,3.505,-7.79,-1.369,-2.425,-10.016,-2.384,-0.062,-9.873,-2.065,1.882,-9.011,-2.344,3.803,-7.671,-2.713,-2.193,-9.612,0.522,2.064,-8.773,0.343,3.735,-7.58,-0.413,-0.424,-8.176,-2.054,-2.514,-3.113,0.263,-0.086,-3.226,1.39,0.987,-3.179,1.272,1.531,-3.089,1.057,-1.211,-2.388,-3.35,-1.211,-2.388,-3.35,1.04,-2.507,-2.955,1.862,-2.456,-2.868,2.3,-3.407,-0.942,3.505,-7.79,-1.369,3.308,-9.364,-4.0,3.308,-9.364,-4.0,2.289,-7.923,-5.005,2.289,-7.923,-5.005,1.776,-6.967,-4.514,1.277,-6.146,-4.205,1.834,-6.621,-3.865,1.367,-6.586,-4.863,0.0,0.0,0.0
2022-03-18 17:08:11.102000,other,0.0,0.0,0.0,-1.05,-2.007,-1.155,-1.05,-2.007,-1.155,-2.809,-3.592,-1.908,-4.358,-6.449,-1.795,-4.358,-6.449,-1.795,-4.793,-9.8,-1.737,-4.793,-9.8,-1.737,-5.17,-11.234,-1.844,-5.496,-12.158,-1.822,-4.24,-11.324,-2.071,-5.721,-11.135,-1.709,-1.009,-4.322,-3.96,-3.348,-2.225,-1.475,-2.803,-3.596,-1.916,-2.355,-9.6,-0.732,-2.355,-9.6,-0.732,-2.355,-9.6,-0.732,-1.615,-13.319,-0.742,-1.615,-13.319,-0.742,-1.106,-15.696,-0.768,-1.106,-15.696,-0.768,-0.804,-16.808,-0.655,-0.495,-17.826,-0.448,-0.696,-17.213,-1.187,-0.68,-17.106,-0.005,-0.173,-9.565,-0.254,-0.173,-9.565,-0.254,-0.173,-9.565,-0.254,0.657,-13.747,-0.747,0.657,-13.747,-0.747,1.214,-16.428,-1.056,1.214,-16.428,-1.056,1.486,-17.615,-0.973,1.81,-18.839,-0.776,1.563,-18.195,-1.561,1.66,-18.02,-0.287,0.172,-9.694,0.829,1.747,-8.869,-0.653,1.747,-8.869,-0.653,1.747,-8.869,-0.653,2.442,-12.706,-0.679,2.442,-12.706,-0.679,2.918,-15.319,-0.78,2.918,-15.319,-0.78,3.074,-16.502,-0.754,3.288,-17.72,-0.574,3.09,-17.136,-1.316,3.202,-16.895,-0.095,3.505,-7.79,-1.369,3.505,-7.79,-1.369,-2.425,-10.016,-2.384,-0.062,-9.873,-2.065,1.882,-9.011,-2.344,3.803,-7.671,-2.713,-2.193,-9.612,0.522,2.064,-8.773,0.343,3.735,-7.58,-0.413,-0.424,-8.176,-2.054,-2.514,-3.113,0.263,-0.086,-3.226,1.39,0.987,-3.179,1.272,1.531,-3.089,1.057,-1.211,-2.388,-3.35,-1.211,-2.388,-3.35,1.04,-2.507,-2.955,1.862,-2.456,-2.868,2.3,-3.407,-0.942,3.505,-7.79,-1.369,3.914,-10.815,-1.028,3.914,-10.815,-1.028,4.247,-12.814,-1.162,4.247,-12.814,-1.162,4.32,-14.0,-1.24,4.397,-15.005,-1.184,4.278,-14.488,-1.792,4.474,-14.365,-0.714,0.0,0.0,0.0
2022-03-18 17:08:12.100000,other,0.0,0.0,0.0,-1.05,-2.007,-1.155,-1.05,-2.007,-1.155,-2.855,-3.566,-1.852,-4.442,-6.399,-1.678,-4.442,-6.399,-1.678,-4.603,-9.773,-1.753,-4.603,-9.773,-1.753,-5.087,-11.176,-1.842,-5.479,-12.074,-1.806,-4.173,-11.335,-2.095,-5.625,-11.036,-1.691,-1.129,-4.332,-3.954,-3.36,-2.189,-1.41,-2.803,-3.596,-1.916,-2.355,-9.6,-0.732,-2.355,-9.6,-0.732,-2.355,-9.6,-0.732,-1.553,-13.306,-0.813,-1.553,-13.306,-0.813,-1.004,-15.672,-0.894,-1.004,-15.672,-0.894,-0.683,-16.778,-0.765,-0.358,-17.787,-0.545,-0.566,-17.186,-1.292,-0.558,-17.066,-0.111,-0.173,-9.565,-0.254,-0.173,-9.565,-0.254,-0.173,-9.565,-0.254,0.637,-13.741,-0.827,0.637,-13.741,-0.827,1.18,-16.418,-1.188,1.18,-16.418,-1.188,1.447,-17.607,-1.123,1.767,-18.835,-0.946,1.52,-18.178,-1.72,1.622,-18.023,-0.445,0.175,-9.715,0.825,1.747,-8.869,-0.653,1.747,-8.869,-0.653,1.747,-8.869,-0.653,2.398,-12.711,-0.817,2.398,-12.711,-0.817,2.847,-15.324,-0.995,2.847,-15.324,-0.995,2.991,-16.509,-1.005,3.194,-17.733,-0.861,2.998,-17.127,-1.585,3.119,-16.922,-0.358,3.505,-7.79,-1.369,3.505,-7.79,-1.369,-2.425,-10.016,-2.384,-0.062,-9.873,-2.065,1.882,-9.011,-2.344,3.803,-7.671,-2.713,-2.193,-9.612,0.522,2.064,-8.773,0.343,3.735,-7.58,-0.413,-0.424,-8.176,-2.054,-2.514,-3.113,0.263,-0.086,-3.226,1.39,0.987,-3.179,1.272,1.531,-3.089,1.057,-1.211,-2.388,-3.35,-1.211,-2.388,-3.35,1.04,-2.507,-2.955,1.862,-2.456,-2.868,2.3,-3.407,-0.942,3.505,-7.79,-1.369,3.872,-10.836,-1.214,3.872,-10.836,-1.214,4.192,-12.831,-1.418,4.192,-12.831,-1.418,4.281,-14.017,-1.469,4.372,-15.019,-1.389,4.248,-14.519,-2.009,4.437,-14.368,-0.934,0.0,0.0,0.0
2022-03-18 17:08:17.106000,other,0.0,0.0,0.0,-1.05,-2.007,-1.155,-1.05,-2.007,-1.155,-2.955,-3.501,-1.715,-4.693,-6.247,-1.6,-4.693,-6.247,-1.6,-5.598,-9.501,-1.492,-5.598,-9.501,-1.492,-5.857,-10.952,-1.686,-6.101,-11.901,-1.715,-4.938,-10.943,-1.967,-6.406,-10.912,-1.514,-1.343,-4.273,-3.903,-3.367,-2.118,-1.201,-2.803,-3.596,-1.916,-2.355,-9.6,-0.732,-2.355,-9.6,-0.732,-2.355,-9.6,-0.732,-1.916,-13.295,-0.001,-1.916,-13.295,-0.001,-1.631,-15.348,-1.272,-1.631,-15.348,-1.272,-1.491,-16.015,-2.208,-1.317,-16.713,-3.018,-1.521,-15.771,-2.838,-1.325,-16.72,-2.153,-0.173,-9.565,-0.254,-0.173,-9.565,-0.254,-0.173,-9.565,-0.254,0.65,-13.776,-0.37,0.65,-13.776,-0.37,1.014,-15.835,-2.164,1.014,-15.835,-2.164,1.04,-16.384,-3.254,1.131,-17.045,-4.348,0.864,-16.093,-4.01,1.268,-17.153,-3.398,0.153,-9.601,0.842,1.747,-8.869,-0.653,1.747,-8.869,-0.653,1.747,-8.869,-0.653,2.758,-12.633,-0.51,2.758,-12.633,-0.51,3.039,-14.734,-2.112,3.039,-14.734,-2.112,2.93,-15.326,-3.143,2.895,-16.068,-4.148,2.717,-15.143,-3.942,3.071,-16.089,-3.206,3.505,-7.79,-1.369,3.505,-7.79,-1.369,-2.425,-10.016,-2.384,-0.062,-9.873,-2.065,1.882,-9.011,-2.344,3.803,-7.671,-2.713,-2.193,-9.612,0.522,2.064,-8.773,0.343,3.735,-7.58,-0.413,-0.424,-8.176,-2.054,-2.514,-3.113,0.263,-0.086,-3.226,1.39,0.987,-3.179,1.272,1.531,-3.089,1.057,-1.211,-2.388,-3.35,-1.211,-2.388,-3.35,1.04,-2.507,-2.955,1.862,-2.456,-2.868,2.3,-3.407,-0.942,3.505,-7.79,-1.369,4.45,-10.664,-0.836,4.45,-10.664,-0.836,4.724,-12.398,-1.857,4.724,-12.398,-1.857,4.518,-13.099,-2.798,4.375,-13.788,-3.521,4.293,-12.986,-3.491,4.655,-13.743,-2.776,0.0,0.0,0.0
2022-03-18 17:08:18.105000,other,0.0,0.0,0.0,-1.05,-2.007,-1.155,-1.05,-2.007,-1.155,-2.655,-3.667,-2.073,-4.087,-6.58,-2.261,-4.087,-6.58,-2.261,-3.764,-9.926,-2.605,-3.764,-9.926,-2.605,-3.481,-11.343,-2.954,-3.385,-12.307,-3.105,-2.582,-11.01,-3.017,-4.034,-11.501,-2.91,-0.608,-4.232,-3.937,-3.295,-2.343,-1.645,-2.803,-3.596,-1.916,-2.355,-9.6,-0.732,-2.355,-9.6,-0.732,-2.355,-9.6,-0.732,-2.005,-13.373,-0.895,-2.005,-13.373,-0.895,-1.746,-15.786,-1.014,-1.746,-15.786,-1.014,-1.56,-16.924,-0.904,-1.358,-17.969,-0.7,-1.496,-17.336,-1.437,-1.466,-17.235,-0.255,-0.173,-9.565,-0.254,-0.173,-9.565,-0.254,-0.173,-9.565,-0.254,0.347,-13.802,-0.708,0.347,-13.802,-0.708,0.697,-16.502,-1.129,0.697,-16.502,-1.129,0.88,-17.708,-1.097,1.113,-18.96,-0.953,0.908,-18.267,-1.708,1.03,-18.153,-0.43,0.164,-9.709,0.83,1.747,-8.869,-0.653,1.747,-8.869,-0.653,1.747,-8.869,-0.653,2.389,-12.715,-0.592,2.389,-12.715,-0.592,2.778,-15.324,-0.913,2.778,-15.324,-0.913,2.888,-16.507,-1.029,3.058,-17.745,-0.997,2.866,-17.071,-1.661,3.016,-16.979,-0.424,3.505,-7.79,-1.369,3.505,-7.79,-1.369,-2.425,-10.016,-2.384,-0.062,-9.873,-2.065,1.882,-9.011,-2.344,3.803,-7.671,-2.713,-2.193,-9.612,0.522,2.064,-8.773,0.343,3.735,-7.58,-0.413,-0.424,-8.176,-2.054,-2.514,-3.113,0.263,-0.086,-3.226,1.39,0.987,-3.179,1.272,1.531,-3.089,1.057,-1.211,-2.388,-3.35,-1.211,-2.388,-3.35,1.04,-2.507,-2.955,1.862,-2.456,-2.868,2.3,-3.407,-0.942,3.505,-7.79,-1.369,4.054,-10.797,-1.065,4.054,-10.797,-1.065,4.497,-12.776,-1.171,4.497,-12.776,-1.171,4.645,-13.957,-1.202,4.786,-14.952,-1.106,4.642,-14.468,-1.735,4.815,-14.291,-0.66,0.0,0.0,0.0
2022-03-18 17:08:19.095000,other,0.0,0.0,0.0,-1.05,-2.007,-1.155,-1.05,-2.007,-1.155,-2.811,-3.591,-1.906,-4.369,-6.444,-1.825,-4.369,-6.444,-1.825,-4.208,-9.81,-2.076,-4.208,-9.81,-2.076,-4.081,-11.259,-2.383,-4.08,-12.233,-2.496,-3.171,-11.006,-2.561,-4.636,-11.367,-2.27,-1.003,-4.309,-3.956,-3.348,-2.226,-1.464,-2.803,-3.596,-1.916,-2.355,-9.6,-0.732,-2.355,-9.6,-0.732,-2.355,-9.6,-0.732,-1.963,-13.365,-0.96,-1.963,-13.365,-0.96,-1.676,-15.773,-1.121,-1.676,-15.773,-1.121,-1.478,-16.911,-1.031,-1.263,-17.956,-0.845,-1.409,-17.313,-1.57,-1.379,-17.232,-0.387,-0.173,-9.565,-0.254,-0.173,-9.565,-0.254,-0.173,-9.565,-0.254,0.316,-13.807,-0.696,0.316,-13.807,-0.696,0.644,-16.502,-1.162,0.644,-16.502,-1.162,0.817,-17.71,-1.158,1.039,-18.967,-1.044,0.837,-18.256,-1.782,0.965,-18.171,-0.502,0.163,-9.708,0.83,1.747,-8.869,-0.653,1.747,-8.869,-0.653,1.747,-8.869,-0.653,2.297,-12.73,-0.61,2.297,-12.73,-0.61,2.618,-15.343,-0.971,2.618,-15.343,-0.971,2.698,-16.527,-1.099,2.838,-17.769,-1.078,2.661,-17.085,-1.736,2.816,-17.007,-0.498,3.505,-7.79,-1.369,3.505,-7.79,-1.369,-2.425,-10.016,-2.384,-0.062,-9.873,-2.065,1.882,-9.011,-2.344,3.803,-7.671,-2.713,-2.193,-9.612,0.522,2.064,-8.773,0.343,3.735,-7.58,-0.413,-0.424,-8.176,-2.054,-2.514,-3.113,0.263,-0.086,-3.226,1.39,0.987,-3.179,1.272,1.531,-3.089,1.057,-1.211,-2.388,-3.35,-1.211,-2.388,-3.35,1.04,-2.507,-2.955,1.862,-2.456,-2.868,2.3,-3.407,-0.942,3.505,-7.79,-1.369,3.965,-10.808,-1.025,3.965,-10.808,-1.025,4.322,-12.801,-1.184,4.322,-12.801,-1.184,4.41,-13.985,-1.276,4.5,-14.989,-1.23,4.373,-14.467,-1.832,4.569,-14.353,-0.754,0.0,0.0,0.0
2022-03-18 17:08:20.098000,other,0.0,0.0,0.0,-1.05,-2.007,-1.155,-1.05,-2.007,-1.155,-2.872,-3.556,-1.83,-4.511,-6.363,-1.769,-4.511,-6.363,-1.769,-4.12,-9.686,-2.243,-4.12,-9.686,-2.243,-4.045,-11.125,-2.607,-4.076,-12.093,-2.757,-3.131,-10.893,-2.795,-4.6,-11.22,-2.487,-1.132,-4.285,-3.934,-3.358,-2.185,-1.349,-2.803,-3.596,-1.916,-2.355,-9.6,-0.732,-2.355,-9.6,-0.732,-2.355,-9.6,-0.732,-1.939,-13.347,-1.139,-1.939,-13.347,-1.139,-1.637,-15.743,-1.415,-1.637,-15.743,-1.415,-1.431,-16.882,-1.379,-1.209,-17.934,-1.244,-1.361,-17.258,-1.937,-1.328,-17.233,-0.751,-0.173,-9.565,-0.254,-0.173,-9.565,-0.254,-0.173,-9.565,-0.254,0.338,-13.778,-0.895,0.338,-13.778,-0.895,0.678,-16.441,-1.514,0.678,-16.441,-1.514,0.856,-17.646,-1.589,1.085,-18.907,-1.557,0.873,-18.151,-2.247,1.012,-18.148,-0.965,0.169,-9.756,0.821,1.747,-8.869,-0.653,1.747,-8.869,-0.653,1.747,-8.869,-0.653,2.341,-12.721,-0.798,2.341,-12.721,-0.798,2.684,-15.304,-1.318,2.684,-15.304,-1.318,2.772,-16.477,-1.525,2.922,-17.715,-1.588,2.734,-16.991,-2.197,2.9,-16.994,-0.958,3.505,-7.79,-1.369,3.505,-7.79,-1.369,-2.425,-10.016,-2.384,-0.062,-9.873,-2.065,1.882,-9.011,-2.344,3.803,-7.671,-2.713,-2.193,-9.612,0.522,2.064,-8.773,0.343,3.735,-7.58,-0.413,-0.424,-8.176,-2.054,-2.514,-3.113,0.263,-0.086,-3.226,1.39,0.987,-3.179,1.272,1.531,-3.089,1.057,-1.211,-2.388,-3.35,-1.211,-2.388,-3.35,1.04,-2.507,-2.955,1.862,-2.456,-2.868,2.3,-3.407,-0.942,3.505,-7.79,-1.369,4.027,-10.814,-1.238,4.027,-10.814,-1.238,4.422,-12.784,-1.536,4.422,-12.784,-1.536,4.531,-13.957,-1.712,4.64,-14.96,-1.738,4.497,-14.4,-2.301,4.703,-14.358,-1.219,0.0,0.0,0.0
2022-03-18 17:08:21.097000,other,0.0,0.0,0.0,-1.05,-2.007,-1.155,-1.05,-2.007,-1.155,-2.909,-3.533,-1.781,-4.689,-6.235,-2.097,-4.689,-6.235,-2.097,-5.557,-9.484,-2.428,-5.557,-9.484,-2.428,-6.146,-10.823,-2.693,-6.611,-11.682,-2.775,-5.235,-11.033,-2.916,-6.679,-10.654,-2.555,-1.093,-4.141,-3.86,-3.35,-2.193,-1.185,-2.803,-3.596,-1.916,-2.355,-9.6,-0.732,-2.355,-9.6,-0.732,-2.355,-9.6,-0.732,-1.966,-13.32,-1.359,-1.966,-13.32,-1.359,-1.685,-15.623,-2.082,-1.685,-15.623,-2.082,-1.489,-16.725,-2.38,-1.273,-17.771,-2.559,-1.442,-16.926,-3.025,-1.368,-17.24,-1.883,-0.173,-9.565,-0.254,-0.173,-9.565,-0.254,-0.173,-9.565,-0.254,0.598,-13.638,-1.37,0.598,-13.638,-1.37,1.058,-16.04,-2.637,1.058,-16.04,-2.637,1.287,-17.151,-3.087,1.575,-18.344,-3.456,1.285,-17.429,-3.869,1.505,-17.808,-2.656,0.199,-9.852,0.789,1.747,-8.869,-0.653,1.747,-8.869,-0.653,1.747,-8.869,-0.653,2.724,-12.582,-1.335,2.724,-12.582,-1.335,3.282,-14.987,-2.319,3.282,-14.987,-2.319,3.433,-16.04,-2.86,3.659,-17.192,-3.288,3.381,-16.343,-3.65,3.634,-16.686,-2.476,3.505,-7.79,-1.369,3.505,-7.79,-1.369,-2.425,-10.016,-2.384,-0.062,-9.873,-2.065,1.882,-9.011,-2.344,3.803,-7.671,-2.713,-2.193,-9.612,0.522,2.064,-8.773,0.343,3.735,-7.58,-0.413,-0.424,-8.176,-2.054,-2.514,-3.113,0.263,-0.086,-3.226,1.39,0.987,-3.179,1.272,1.531,-3.089,1.057,-1.211,-2.388,-3.35,-1.211,-2.388,-3.35,1.04,-2.507,-2.955,1.862,-2.456,-2.868,2.3,-3.407,-0.942,3.505,-7.79,-1.369,4.631,-10.578,-1.996,4.631,-10.578,-1.996,5.346,-12.27,-2.864,5.346,-12.27,-2.864,5.629,-13.29,-3.409,5.901,-14.196,-3.759,5.604,-13.531,-4.106,5.919,-13.78,-3.079,0.0,0.0,0.0
2022-03-18 17:08:22.100000,other,0.0,0.0,0.0,-1.05,-2.007,-1.155,-1.05,-2.007,-1.155,-2.343,-3.776,-2.328,-3.281,-6.187,-4.297,-3.281,-6.187,-4.297,-2.092,-8.946,-5.845,-2.092,-8.946,-5.845,-1.716,-10.079,-6.731,-1.58,-10.872,-7.291,-0.849,-9.916,-6.348,-2.25,-10.14,-6.938,0.292,-3.593,-3.332,-3.235,-2.74,-1.636,-2.803,-3.596,-1.916,-2.355,-9.6,-0.732,-2.355,-9.6,-0.732,-2.355,-9.6,-0.732,-1.333,-12.384,-3.095,-1.333,-12.384,-3.095,-1.352,-11.865,-5.469,-1.352,-11.865,-5.469,-1.474,-11.184,-6.398,-1.527,-10.616,-7.319,-1.692,-10.545,-6.356,-1.283,-11.406,-7.063,-0.173,-9.565,-0.254,-0.173,-9.565,-0.254,-0.173,-9.565,-0.254,0.76,-13.668,-1.103,0.76,-13.668,-1.103,1.297,-16.035,-2.406,1.297,-16.035,-2.406,1.554,-17.12,-2.903,1.876,-18.287,-3.322,1.552,-17.366,-3.695,1.8,-17.785,-2.501,0.193,-9.773,0.809,1.747,-8.869,-0.653,1.747,-8.869,-0.653,1.747,-8.869,-0.653,2.952,-12.559,-1.032,2.952,-12.559,-1.032,3.633,-14.95,-1.969,3.633,-14.95,-1.969,3.833,-15.996,-2.508,4.112,-17.138,-2.932,3.795,-16.303,-3.297,4.063,-16.631,-2.121,3.505,-7.79,-1.369,3.505,-7.79,-1.369,-2.425,-10.016,-2.384,-0.062,-9.873,-2.065,1.882,-9.011,-2.344,3.803,-7.671,-2.713,-2.193,-9.612,0.522,2.064,-8.773,0.343,3.735,-7.58,-0.413,-0.424,-8.176,-2.054,-2.514,-3.113,0.263,-0.086,-3.226,1.39,0.987,-3.179,1.272,1.531,-3.089,1.057,-1.211,-2.388,-3.35,-1.211,-2.388,-3.35,1.04,-2.507,-2.955,1.862,-2.456,-2.868,2.3,-3.407,-0.942,3.505,-7.79,-1.369,4.682,-10.61,-1.682,4.682,-10.61,-1.682,5.521,-12.39,-2.183,5.521,-12.39,-2.183,5.867,-13.467,-2.557,6.184,-14.405,-2.754,5.903,-13.803,-3.212,6.139,-13.898,-2.14,0.0,0.0,0.0
2022-03-18 17:08:27.096000,other,0.0,0.0,0.0,-1.05,-2.007,-1.155,-1.05,-2.007,-1.155,-2.814,-3.59,-1.903,-4.391,-6.433,-1.885,-4.391,-6.433,-1.885,-4.997,-9.757,-1.856,-4.997,-9.757,-1.856,-5.555,-11.132,-1.944,-5.997,-12.007,-1.911,-4.643,-11.345,-2.165,-6.089,-10.961,-1.813,-0.991,-4.285,-3.946,-3.346,-2.229,-1.442,-2.803,-3.596,-1.916,-2.355,-9.6,-0.732,-2.355,-9.6,-0.732,-2.355,-9.6,-0.732,-1.917,-13.367,-0.742,-1.917,-13.367,-0.742,-1.602,-15.777,-0.764,-1.602,-15.777,-0.764,-1.391,-16.905,-0.61,-1.165,-17.936,-0.366,-1.315,-17.336,-1.126,-1.292,-17.189,0.051,-0.173,-9.565,-0.254,-0.173,-9.565,-0.254,-0.173,-9.565,-0.254,0.38,-13.804,-0.643,0.38,-13.804,-0.643,0.757,-16.519,-0.923,0.757,-16.519,-0.923,0.949,-17.721,-0.836,1.191,-18.963,-0.636,0.984,-18.307,-1.422,1.098,-18.134,-0.15,0.162,-9.69,0.832,1.747,-8.869,-0.653,1.747,-8.869,-0.653,1.747,-8.869,-0.653,2.235,-12.738,-0.692,2.235,-12.738,-0.692,2.558,-15.37,-0.867,2.558,-15.37,-0.867,2.645,-16.561,-0.875,2.79,-17.793,-0.729,2.621,-17.179,-1.454,2.755,-16.978,-0.228,3.505,-7.79,-1.369,3.505,-7.79,-1.369,-2.425,-10.016,-2.384,-0.062,-9.873,-2.065,1.882,-9.011,-2.344,3.803,-7.671,-2.713,-2.193,-9.612,0.522,2.064,-8.773,0.343,3.735,-7.58,-0.413,-0.424,-8.176,-2.054,-2.514,-3.113,0.263,-0.086,-3.226,1.39,0.987,-3.179,1.272,1.531,-3.089,1.057,-1.211,-2.388,-3.35,-1.211,-2.388,-3.35,1.04,-2.507,-2.955,1.862,-2.456,-2.868,2.3,-3.407,-0.942,3.505,-7.79,-1.369,3.857,-10.838,-1.221,3.857,-10.838,-1.221,4.179,-12.836,-1.395,4.179,-12.836,-1.395,4.233,-14.017,-1.533,4.294,-15.024,-1.526,4.181,-14.477,-2.107,4.383,-14.41,-1.026,0.0,0.0,0.0
2022-03-18 17:08:28.103000,other,0.0,0.0,0.0,-1.05,-2.007,-1.155,-1.05,-2.007,-1.155,-2.833,-3.579,-1.879,-4.434,-6.409,-1.86,-4.434,-6.409,-1.86,-4.64,-9.777,-2.041,-4.64,-9.777,-2.041,-5.099,-11.181,-2.2,-5.479,-12.085,-2.213,-4.174,-11.318,-2.424,-5.645,-11.055,-2.065,-1.034,-4.28,-3.941,-3.35,-2.215,-1.408,-2.803,-3.596,-1.916,-2.355,-9.6,-0.732,-2.355,-9.6,-0.732,-2.355,-9.6,-0.732,-1.928,-13.368,-0.709,-1.928,-13.368,-0.709,-1.619,-15.779,-0.709,-1.619,-15.779,-0.709,-1.41,-16.907,-0.553,-1.188,-17.938,-0.306,-1.336,-17.34,-1.068,-1.312,-17.189,0.109,-0.173,-9.565,-0.254,-0.173,-9.565,-0.254,-0.173,-9.565,-0.254,0.347,-13.816,-0.55,0.347,-13.816,-0.55,0.702,-16.536,-0.801,0.702,-16.536,-0.801,0.882,-17.741,-0.725,1.111,-18.987,-0.536,0.909,-18.322,-1.316,1.029,-18.162,-0.043,0.159,-9.669,0.836,1.747,-8.869,-0.653,1.747,-8.869,-0.653,1.747,-8.869,-0.653,2.197,-12.743,-0.638,2.197,-12.743,-0.638,2.49,-15.379,-0.799,2.49,-15.379,-0.799,2.564,-16.571,-0.801,2.694,-17.804,-0.649,2.532,-17.191,-1.377,2.669,-16.986,-0.152,3.505,-7.79,-1.369,3.505,-7.79,-1.369,-2.425,-10.016,-2.384,-0.062,-9.873,-2.065,1.882,-9.011,-2.344,3.803,-7.671,-2.713,-2.193,-9.612,0.522,2.064,-8.773,0.343,3.735,-7.58,-0.413,-0.424,-8.176,-2.054,-2.514,-3.113,0.263,-0.086,-3.226,1.39,0.987,-3.179,1.272,1.531,-3.089,1.057,-1.211,-2.388,-3.35,-1.211,-2.388,-3.35,1.04,-2.507,-2.955,1.862,-2.456,-2.868,2.3,-3.407,-0.942,3.505,-7.79,-1.369,3.84,-10.839,-1.209,3.84,-10.839,-1.209,4.134,-12.837,-1.424,4.134,-12.837,-1.424,4.196,-14.023,-1.514,4.265,-15.029,-1.467,4.149,-14.506,-2.07,4.348,-14.394,-0.991,0.0,0.0,0.0
2022-03-18 17:08:32.099000,other,0.0,0.0,0.0,-1.05,-2.007,-1.155,-1.05,-2.007,-1.155,-2.097,-3.833,-2.477,-2.463,-5.813,-5.029,-2.463,-5.813,-5.029,-2.63,-8.261,-7.353,-2.63,-8.261,-7.353,-2.99,-9.096,-8.529,-3.342,-9.649,-9.258,-2.096,-9.426,-8.401,-3.517,-8.868,-8.573,0.656,-3.345,-2.884,-3.18,-2.999,-1.784,-2.803,-3.596,-1.916,-2.355,-9.6,-0.732,-2.355,-9.6,-0.732,-2.355,-9.6,-0.732,-2.17,-11.775,-3.833,-2.17,-11.775,-3.833,-2.016,-13.145,-5.835,-2.016,-13.145,-5.835,-1.882,-13.865,-6.732,-1.728,-14.614,-7.499,-1.833,-13.648,-7.37,-1.805,-14.581,-6.638,-0.173,-9.565,-0.254,-0.173,-9.565,-0.254,-0.173,-9.565,-0.254,0.398,-12.07,-3.693,0.398,-12.07,-3.693,-0.249,-9.622,-4.78,-0.249,-9.622,-4.78,-0.621,-8.876,-3.889,-0.989,-8.003,-3.026,-0.73,-9.014,-3.078,-0.803,-8.086,-3.97,0.333,-10.395,0.349,1.747,-8.869,-0.653,1.747,-8.869,-0.653,1.747,-8.869,-0.653,1.889,-11.055,-3.879,1.889,-11.055,-3.879,1.079,-8.616,-4.555,1.079,-8.616,-4.555,0.933,-8.07,-3.503,0.761,-7.36,-2.489,1.055,-8.258,-2.686,0.66,-7.344,-3.441,3.505,-7.79,-1.369,3.505,-7.79,-1.369,-2.425,-10.016,-2.384,-0.062,-9.873,-2.065,1.882,-9.011,-2.344,3.803,-7.671,-2.713,-2.193,-9.612,0.522,2.064,-8.773,0.343,3.735,-7.58,-0.413,-0.424,-8.176,-2.054,-2.514,-3.113,0.263,-0.086,-3.226,1.39,0.987,-3.179,1.272,1.531,-3.089,1.057,-1.211,-2.388,-3.35,-1.211,-2.388,-3.35,1.04,-2.507,-2.955,1.862,-2.456,-2.868,2.3,-3.407,-0.942,3.505,-7.79,-1.369,3.721,-9.81,-3.674,3.721,-9.81,-3.674,2.567,-8.383,-4.544,2.567,-8.383,-4.544,2.274,-7.696,-3.617,1.937,-7.065,-2.904,2.52,-7.622,-2.925,1.822,-7.22,-3.678,0.0,0.0,0.0
2022-03-18 17:08:33.099000,other,0.0,0.0,0.0,-1.05,-2.007,-1.155,-1.05,-2.007,-1.155,-2.609,-3.687,-2.117,-3.99,-6.624,-2.305,-3.99,-6.624,-2.305,-4.517,-9.962,-2.326,-4.517,-9.962,-2.326,-4.712,-11.422,-2.521,-4.931,-12.377,-2.567,-3.757,-11.401,-2.626,-5.284,-11.39,-2.456,-0.518,-4.235,-3.937,-3.278,-2.369,-1.712,-2.803,-3.596,-1.916,-2.355,-9.6,-0.732,-2.355,-9.6,-0.732,-2.355,-9.6,-0.732,-1.627,-13.316,-0.931,-1.627,-13.316,-0.931,-1.125,-15.688,-1.108,-1.125,-15.688,-1.108,-0.826,-16.804,-1.026,-0.519,-17.827,-0.848,-0.72,-17.194,-1.569,-0.701,-17.12,-0.385,-0.173,-9.565,-0.254,-0.173,-9.565,-0.254,-0.173,-9.565,-0.254,0.9,-13.684,-0.809,0.9,-13.684,-0.809,1.612,-16.323,-1.156,1.612,-16.323,-1.156,1.925,-17.489,-1.332,2.3,-18.712,-1.409,1.978,-17.935,-2.029,2.161,-18.015,-0.756,0.18,-9.689,0.827,1.747,-8.869,-0.653,1.747,-8.869,-0.653,1.747,-8.869,-0.653,2.872,-12.601,-0.782,2.872,-12.601,-0.782,3.636,-15.139,-0.978,3.636,-15.139,-0.978,3.876,-16.281,-1.228,4.186,-17.486,-1.338,3.903,-16.77,-1.919,4.072,-16.799,-0.681,3.505,-7.79,-1.369,3.505,-7.79,-1.369,-2.425,-10.016,-2.384,-0.062,-9.873,-2.065,1.882,-9.011,-2.344,3.803,-7.671,-2.713,-2.193,-9.612,0.522,2.064,-8.773,0.343,3.735,-7.58,-0.413,-0.424,-8.176,-2.054,-2.514,-3.113,0.263,-0.086,-3.226,1.39,0.987,-3.179,1.272,1.531,-3.089,1.057,-1.211,-2.388,-3.35,-1.211,-2.388,-3.35,1.04,-2.507,-2.955,1.862,-2.456,-2.868,2.3,-3.407,-0.942,3.505,-7.79,-1.369,4.394,-10.724,-1.178,4.394,-10.724,-1.178,5.01,-12.632,-1.506,5.01,-12.632,-1.506,5.181,-13.75,-1.877,5.348,-14.726,-2.073,5.151,-14.091,-2.53,5.395,-14.215,-1.462,0.0,0.0,0.0
2022-03-18 17:08:34.103000,other,0.0,0.0,0.0,-1.05,-2.007,-1.155,-1.05,-2.007,-1.155,-2.865,-3.561,-1.84,-4.467,-6.385,-1.679,-4.467,-6.385,-1.679,-4.844,-9.743,-1.674,-4.844,-9.743,-1.674,-5.35,-11.139,-1.749,-5.756,-12.03,-1.703,-4.44,-11.314,-2.005,-5.885,-10.99,-1.596,-1.147,-4.324,-3.949,-3.361,-2.183,-1.389,-2.803,-3.596,-1.916,-2.355,-9.6,-0.732,-2.355,-9.6,-0.732,-2.355,-9.6,-0.732,-1.793,-13.327,-0.315,-1.793,-13.327,-0.315,-1.399,-15.712,-0.063,-1.399,-15.712,-0.063,-1.153,-16.808,0.221,-0.897,-17.796,0.583,-1.054,-17.291,-0.242,-1.055,-17.011,0.911,-0.173,-9.565,-0.254,-0.173,-9.565,-0.254,-0.173,-9.565,-0.254,0.52,-13.801,-0.249,0.52,-13.801,-0.249,0.988,-16.516,-0.235,0.988,-16.516,-0.235,1.218,-17.692,-0.005,1.496,-18.894,0.344,1.285,-18.341,-0.518,1.366,-18.018,0.728,0.149,-9.58,0.843,1.747,-8.869,-0.653,1.747,-8.869,-0.653,1.747,-8.869,-0.653,2.285,-12.718,-0.325,2.285,-12.718,-0.325,2.655,-15.345,-0.179,2.655,-15.345,-0.179,2.762,-16.527,-0.046,2.924,-17.731,0.244,2.757,-17.209,-0.549,2.868,-16.864,0.647,3.505,-7.79,-1.369,3.505,-7.79,-1.369,-2.425,-10.016,-2.384,-0.062,-9.873,-2.065,1.882,-9.011,-2.344,3.803,-7.671,-2.713,-2.193,-9.612,0.522,2.064,-8.773,0.343,3.735,-7.58,-0.413,-0.424,-8.176,-2.054,-2.514,-3.113,0.263,-0.086,-3.226,1.39,0.987,-3.179,1.272,1.531,-3.089,1.057,-1.211,-2.388,-3.35,-1.211,-2.388,-3.35,1.04,-2.507,-2.955,1.862,-2.456,-2.868,2.3,-3.407,-0.942,3.505,-7.79,-1.369,3.865,-10.8,-0.876,3.865,-10.8,-0.876,4.216,-12.798,-0.76,4.216,-12.798,-0.76,4.294,-13.985,-0.71,4.373,-14.977,-0.545,4.264,-14.529,-1.206,4.438,-14.291,-0.144,0.0,0.0,0.0
2022-03-18 17:08:35.106000,other,0.0,0.0,0.0,-1.05,-2.007,-1.155,-1.05,-2.007,-1.155,-2.904,-3.536,-1.788,-4.548,-6.335,-1.599,-4.548,-6.335,-1.599,-4.936,-9.692,-1.619,-4.936,-9.692,-1.619,-5.461,-11.08,-1.692,-5.877,-11.966,-1.643,-4.559,-11.265,-1.968,-5.991,-10.925,-1.527,-1.246,-4.321,-3.937,-3.368,-2.152,-1.322,-2.803,-3.596,-1.916,-2.355,-9.6,-0.732,-2.355,-9.6,-0.732,-2.355,-9.6,-0.732,-1.804,-13.335,-0.373,-1.804,-13.335,-0.373,-1.415,-15.724,-0.157,-1.415,-15.724,-0.157,-1.172,-16.825,0.11,-0.919,-17.819,0.457,-1.076,-17.302,-0.361,-1.074,-17.039,0.796,-0.173,-9.565,-0.254,-0.173,-9.565,-0.254,-0.173,-9.565,-0.254,0.49,-13.805,-0.345,0.49,-13.805,-0.345,0.939,-16.523,-0.399,0.939,-16.523,-0.399,1.161,-17.705,-0.198,1.432,-18.917,0.121,1.222,-18.342,-0.726,1.31,-18.049,0.526,0.153,-9.606,0.842,1.747,-8.869,-0.653,1.747,-8.869,-0.653,1.747,-8.869,-0.653,2.257,-12.727,-0.403,2.257,-12.727,-0.403,2.608,-15.36,-0.31,2.608,-15.36,-0.31,2.703,-16.547,-0.226,2.853,-17.764,0.014,2.688,-17.208,-0.757,2.809,-16.913,0.452,3.505,-7.79,-1.369,3.505,-7.79,-1.369,-2.425,-10.016,-2.384,-0.062,-9.873,-2.065,1.882,-9.011,-2.344,3.803,-7.671,-2.713,-2.193,-9.612,0.522,2.064,-8.773,0.343,3.735,-7.58,-0.413,-0.424,-8.176,-2.054,-2.514,-3.113,0.263,-0.086,-3.226,1.39,0.987,-3.179,1.272,1.531,-3.089,1.057,-1.211,-2.388,-3.35,-1.211,-2.388,-3.35,1.04,-2.507,-2.955,1.862,-2.456,-2.868,2.3,-3.407,-0.942,3.505,-7.79,-1.369,3.849,-10.807,-0.906,3.849,-10.807,-0.906,4.18,-12.81,-0.841,4.18,-12.81,-0.841,4.251,-13.998,-0.804,4.325,-14.993,-0.651,4.216,-14.537,-1.307,4.395,-14.311,-0.243,0.0,0.0,0.0
2022-03-18 17:08:36.105000,other,0.0,0.0,0.0,-1.05,-2.007,-1.155,-1.05,-2.007,-1.155,-2.023,-3.846,-2.514,-2.503,-6.326,-4.561,-2.503,-6.326,-4.561,-1.171,-9.078,-6.001,-1.171,-9.078,-6.001,-0.369,-10.132,-6.674,0.058,-10.896,-7.117,0.328,-9.769,-6.12,-0.813,-10.316,-6.992,0.7,-3.462,-3.162,-3.076,-2.882,-1.959,-2.803,-3.596,-1.916,-2.355,-9.6,-0.732,-2.355,-9.6,-0.732,-2.355,-9.6,-0.732,-1.637,-13.078,-2.061,-1.637,-13.078,-2.061,-1.146,-15.27,-2.991,-1.146,-15.27,-2.991,-0.844,-16.351,-3.276,-0.529,-17.374,-3.443,-0.766,-16.55,-3.918,-0.686,-16.849,-2.773,-0.173,-9.565,-0.254,-0.173,-9.565,-0.254,-0.173,-9.565,-0.254,0.402,-13.305,-2.281,0.402,-13.305,-2.281,0.795,-15.703,-3.578,0.795,-15.703,-3.578,1.008,-16.847,-3.947,1.277,-18.068,-4.227,1.021,-17.177,-4.708,1.199,-17.478,-3.467,0.225,-10.089,0.681,1.747,-8.869,-0.653,1.747,-8.869,-0.653,1.747,-8.869,-0.653,1.656,-10.251,-4.299,1.656,-10.251,-4.299,0.911,-7.94,-5.379,0.911,-7.94,-5.379,0.559,-6.851,-5.039,0.195,-5.672,-4.843,0.493,-6.421,-4.312,0.305,-6.315,-5.543,3.505,-7.79,-1.369,3.505,-7.79,-1.369,-2.425,-10.016,-2.384,-0.062,-9.873,-2.065,1.882,-9.011,-2.344,3.803,-7.671,-2.713,-2.193,-9.612,0.522,2.064,-8.773,0.343,3.735,-7.58,-0.413,-0.424,-8.176,-2.054,-2.514,-3.113,0.263,-0.086,-3.226,1.39,0.987,-3.179,1.272,1.531,-3.089,1.057,-1.211,-2.388,-3.35,-1.211,-2.388,-3.35,1.04,-2.507,-2.955,1.862,-2.456,-2.868,2.3,-3.407,-0.942,3.505,-7.79,-1.369,2.74,-8.082,-4.33,2.74,-8.082,-4.33,1.853,-6.309,-4.769,1.853,-6.309,-4.769,1.457,-5.426,-4.075,1.056,-4.64,-3.585,1.569,-5.225,-3.374,1.08,-4.945,-4.321,0.0,0.0,0.0
2022-03-18 17:08:40.104000,other,0.0,0.0,0.0,-1.05,-2.007,-1.155,-1.05,-2.007,-1.155,-2.02,-3.847,-2.516,-2.41,-6.144,-4.783,-2.41,-6.144,-4.783,-1.864,-8.896,-6.667,-1.864,-8.896,-6.667,-1.254,-9.977,-7.485,-0.962,-10.744,-8.021,-0.482,-9.76,-6.955,-1.738,-10.072,-7.782,0.72,-3.392,-3.035,-3.099,-2.94,-1.916,-2.803,-3.596,-1.916,-2.355,-9.6,-0.732,-2.355,-9.6,-0.732,-2.355,-9.6,-0.732,-1.983,-13.135,-2.053,-1.983,-13.135,-2.053,-1.71,-15.391,-2.914,-1.71,-15.391,-2.914,-1.516,-16.495,-3.207,-1.303,-17.543,-3.379,-1.462,-16.698,-3.85,-1.404,-17.009,-2.706,-0.173,-9.565,-0.254,-0.173,-9.565,-0.254,-0.173,-9.565,-0.254,0.071,-13.29,-2.373,0.071,-13.29,-2.373,0.252,-15.684,-3.724,0.252,-15.684,-3.724,0.365,-16.834,-4.117,0.527,-18.068,-4.422,0.345,-17.148,-4.884,0.503,-17.488,-3.651,0.184,-10.143,0.666,1.747,-8.869,-0.653,1.747,-8.869,-0.653,1.747,-8.869,-0.653,1.585,-10.855,-4.006,1.585,-10.855,-4.006,1.034,-8.786,-5.58,1.034,-8.786,-5.58,0.764,-7.63,-5.452,0.489,-6.412,-5.481,0.723,-7.071,-4.817,0.557,-7.179,-6.051,3.505,-7.79,-1.369,3.505,-7.79,-1.369,-2.425,-10.016,-2.384,-0.062,-9.873,-2.065,1.882,-9.011,-2.344,3.803,-7.671,-2.713,-2.193,-9.612,0.522,2.064,-8.773,0.343,3.735,-7.58,-0.413,-0.424,-8.176,-2.054,-2.514,-3.113,0.263,-0.086,-3.226,1.39,0.987,-3.179,1.272,1.531,-3.089,1.057,-1.211,-2.388,-3.35,-1.211,-2.388,-3.35,1.04,-2.507,-2.955,1.862,-2.456,-2.868,2.3,-3.407,-0.942,3.505,-7.79,-1.369,3.16,-9.195,-4.079,3.16,-9.195,-4.079,2.225,-7.831,-5.258,2.225,-7.831,-5.258,1.784,-6.864,-4.721,1.344,-6.026,-4.37,1.879,-6.545,-4.063,1.389,-6.448,-5.045,0.0,0.0,0.0
2022-03-18 17:08:41.107000,other,0.0,0.0,0.0,-1.05,-2.007,-1.155,-1.05,-2.007,-1.155,-2.059,-3.84,-2.496,-2.618,-6.377,-4.451,-2.618,-6.377,-4.451,-1.241,-9.151,-5.803,-1.241,-9.151,-5.803,-0.45,-10.224,-6.461,-0.03,-10.999,-6.89,0.257,-9.844,-5.932,-0.9,-10.417,-6.764,0.65,-3.505,-3.228,-3.087,-2.847,-1.944,-2.803,-3.596,-1.916,-2.355,-9.6,-0.732,-2.355,-9.6,-0.732,-2.355,-9.6,-0.732,-1.967,-13.038,-2.285,-1.967,-13.038,-2.285,-1.683,-15.224,-3.308,-1.683,-15.224,-3.308,-1.482,-16.316,-3.638,-1.263,-17.356,-3.847,-1.426,-16.496,-4.288,-1.369,-16.846,-3.156,-0.173,-9.565,-0.254,-0.173,-9.565,-0.254,-0.173,-9.565,-0.254,0.205,-12.996,-2.805,0.205,-12.996,-2.805,0.473,-15.202,-4.434,0.473,-15.202,-4.434,0.63,-16.291,-4.962,0.842,-17.472,-5.414,0.616,-16.512,-5.761,0.802,-16.99,-4.578,0.219,-10.233,0.588,1.747,-8.869,-0.653,1.747,-8.869,-0.653,1.747,-8.869,-0.653,1.598,-10.091,-4.353,1.598,-10.091,-4.353,0.897,-7.729,-5.349,0.897,-7.729,-5.349,0.591,-6.69,-4.847,0.271,-5.542,-4.473,0.561,-6.367,-4.064,0.339,-6.082,-5.261,3.505,-7.79,-1.369,3.505,-7.79,-1.369,-2.425,-10.016,-2.384,-0.062,-9.873,-2.065,1.882,-9.011,-2.344,3.803,-7.671,-2.713,-2.193,-9.612,0.522,2.064,-8.773,0.343,3.735,-7.58,-0.413,-0.424,-8.176,-2.054,-2.514,-3.113,0.263,-0.086,-3.226,1.39,0.987,-3.179,1.272,1.531,-3.089,1.057,-1.211,-2.388,-3.35,-1.211,-2.388,-3.35,1.04,-2.507,-2.955,1.862,-2.456,-2.868,2.3,-3.407,-0.942,3.505,-7.79,-1.369,2.727,-7.974,-4.335,2.727,-7.974,-4.335,1.73,-6.241,-4.696,1.73,-6.241,-4.696,1.383,-5.529,-3.808,1.012,-4.871,-3.138,1.557,-5.465,-3.094,0.973,-5.025,-3.919,0.0,0.0,0.0
2022-03-18 17:08:42.094000,other,0.0,0.0,0.0,-1.05,-2.007,-1.155,-1.05,-2.007,-1.155,-2.75,-3.623,-1.975,-4.243,-6.511,-1.916,-4.243,-6.511,-1.916,-4.54,-9.877,-1.906,-4.54,-9.877,-1.906,-4.912,-11.311,-2.025,-5.239,-12.235,-2.014,-3.975,-11.401,-2.22,-5.468,-11.212,-1.909,-0.867,-4.314,-3.965,-3.331,-2.268,-1.56,-2.803,-3.596,-1.916,-2.355,-9.6,-0.732,-2.355,-9.6,-0.732,-2.355,-9.6,-0.732,-1.716,-13.338,-0.677,-1.716,-13.338,-0.677,-1.272,-15.727,-0.66,-1.272,-15.727,-0.66,-1.002,-16.84,-0.487,-0.722,-17.853,-0.225,-0.9,-17.274,-0.996,-0.891,-17.107,0.179,-0.173,-9.565,-0.254,-0.173,-9.565,-0.254,-0.173,-9.565,-0.254,0.419,-13.81,-0.483,0.419,-13.81,-0.483,0.82,-16.53,-0.668,0.82,-16.53,-0.668,1.024,-17.724,-0.524,1.276,-18.954,-0.264,1.07,-18.336,-1.082,1.172,-18.104,0.182,0.158,-9.646,0.838,1.747,-8.869,-0.653,1.747,-8.869,-0.653,1.747,-8.869,-0.653,2.285,-12.728,-0.481,2.285,-12.728,-0.481,2.638,-15.361,-0.543,2.638,-15.361,-0.543,2.734,-16.551,-0.529,2.887,-17.779,-0.361,2.715,-17.18,-1.097,2.846,-16.955,0.126,3.505,-7.79,-1.369,3.505,-7.79,-1.369,-2.425,-10.016,-2.384,-0.062,-9.873,-2.065,1.882,-9.011,-2.344,3.803,-7.671,-2.713,-2.193,-9.612,0.522,2.064,-8.773,0.343,3.735,-7.58,-0.413,-0.424,-8.176,-2.054,-2.514,-3.113,0.263,-0.086,-3.226,1.39,0.987,-3.179,1.272,1.531,-3.089,1.057,-1.211,-2.388,-3.35,-1.211,-2.388,-3.35,1.04,-2.507,-2.955,1.862,-2.456,-2.868,2.3,-3.407,-0.942,3.505,-7.79,-1.369,3.847,-10.818,-0.98,3.847,-10.818,-0.98,4.208,-12.813,-0.862,4.208,-12.813,-0.862,4.252,-14.001,-0.934,4.304,-15.007,-0.871,4.203,-14.491,-1.483,4.391,-14.367,-0.404,0.0,0.0,0.0
2022-03-18 17:08:43.097000,other,0.0,0.0,0.0,-1.05,-2.007,-1.155,-1.05,-2.007,-1.155,-2.739,-3.629,-1.988,-4.231,-6.517,-1.99,-4.231,-6.517,-1.99,-4.306,-9.893,-2.121,-4.306,-9.893,-2.121,-4.634,-11.333,-2.293,-4.932,-12.266,-2.317,-3.69,-11.389,-2.471,-5.194,-11.254,-2.184,-0.825,-4.293,-3.959,-3.326,-2.279,-1.563,-2.803,-3.596,-1.916,-2.355,-9.6,-0.732,-2.355,-9.6,-0.732,-2.355,-9.6,-0.732,-1.775,-13.348,-0.729,-1.775,-13.348,-0.729,-1.368,-15.744,-0.742,-1.368,-15.744,-0.742,-1.115,-16.863,-0.581,-0.851,-17.883,-0.331,-1.021,-17.293,-1.096,-1.007,-17.139,0.081,-0.173,-9.565,-0.254,-0.173,-9.565,-0.254,-0.173,-9.565,-0.254,0.34,-13.819,-0.509,0.34,-13.819,-0.509,0.688,-16.537,-0.794,0.688,-16.537,-0.794,0.869,-17.74,-0.695,1.098,-18.982,-0.482,0.899,-18.332,-1.275,1.013,-18.148,-0.004,0.158,-9.659,0.837,1.747,-8.869,-0.653,1.747,-8.869,-0.653,1.747,-8.869,-0.653,2.221,-12.74,-0.596,2.221,-12.74,-0.596,2.521,-15.373,-0.789,2.521,-15.373,-0.789,2.594,-16.564,-0.82,2.726,-17.801,-0.7,2.561,-17.171,-1.411,2.702,-16.996,-0.182,3.505,-7.79,-1.369,3.505,-7.79,-1.369,-2.425,-10.016,-2.384,-0.062,-9.873,-2.065,1.882,-9.011,-2.344,3.803,-7.671,-2.713,-2.193,-9.612,0.522,2.064,-8.773,0.343,3.735,-7.58,-0.413,-0.424,-8.176,-2.054,-2.514,-3.113,0.263,-0.086,-3.226,1.39,0.987,-3.179,1.272,1.531,-3.089,1.057,-1.211,-2.388,-3.35,-1.211,-2.388,-3.35,1.04,-2.507,-2.955,1.862,-2.456,-2.868,2.3,-3.407,-0.942,3.505,-7.79,-1.369,3.779,-10.846,-1.23,3.779,-10.846,-1.23,4.087,-12.853,-1.299,4.087,-12.853,-1.299,4.13,-14.04,-1.384,4.182,-15.046,-1.333,4.079,-14.524,-1.938,4.272,-14.411,-0.859,0.0,0.0,0.0
2022-03-18 17:08:45.097000,other,0.0,0.0,0.0,-1.05,-2.007,-1.155,-1.05,-2.007,-1.155,-1.961,-3.856,-2.543,-2.411,-6.453,-4.447,-2.411,-6.453,-4.447,-0.834,-9.191,-5.647,-0.834,-9.191,-5.647,0.023,-10.247,-6.245,0.489,-11.016,-6.636,0.693,-9.828,-5.697,-0.407,-10.466,-6.56,0.761,-3.485,-3.202,-3.025,-2.871,-2.048,-2.803,-3.596,-1.916,-2.355,-9.6,-0.732,-2.355,-9.6,-0.732,-2.355,-9.6,-0.732,-1.84,-11.99,-3.631,-1.84,-11.99,-3.631,-2.099,-9.832,-4.718,-2.099,-9.832,-4.718,-2.279,-8.947,-3.993,-2.418,-8.055,-3.394,-2.325,-9.028,-3.322,-2.31,-8.26,-4.227,-0.173,-9.565,-0.254,-0.173,-9.565,-0.254,-0.173,-9.565,-0.254,-0.164,-11.754,-3.947,-0.164,-11.754,-3.947,-0.306,-9.375,-5.329,-0.306,-9.375,-5.329,-0.494,-8.294,-4.797,-0.649,-7.108,-4.336,-0.629,-8.098,-4.002,-0.492,-7.569,-5.169,0.16,-10.539,0.245,1.747,-8.869,-0.653,1.747,-8.869,-0.653,1.747,-8.869,-0.653,1.66,-10.935,-3.96,1.66,-10.935,-3.96,1.055,-8.99,-5.667,1.055,-8.99,-5.667,0.78,-7.878,-5.33,0.496,-6.677,-5.136,0.756,-7.439,-4.605,0.55,-7.331,-5.833,3.505,-7.79,-1.369,3.505,-7.79,-1.369,-2.425,-10.016,-2.384,-0.062,-9.873,-2.065,1.882,-9.011,-2.344,3.803,-7.671,-2.713,-2.193,-9.612,0.522,2.064,-8.773,0.343,3.735,-7.58,-0.413,-0.424,-8.176,-2.054,-2.514,-3.113,0.263,-0.086,-3.226,1.39,0.987,-3.179,1.272,1.531,-3.089,1.057,-1.211,-2.388,-3.35,-1.211,-2.388,-3.35,1.04,-2.507,-2.955,1.862,-2.456,-2.868,2.3,-3.407,-0.942,3.505,-7.79,-1.369,4.271,-10.677,-2.085,4.271,-10.677,-2.085,4.897,-12.511,-2.695,4.897,-12.511,-2.695,5.135,-13.613,-3.078,5.36,-14.575,-3.283,5.133,-13.947,-3.735,5.369,-14.071,-2.666,0.0,0.0,0.0
2022-03-18 17:08:46.104000,other,0.0,0.0,0.0,-1.05,-2.007,-1.155,-1.05,-2.007,-1.155,-1.868,-3.869,-2.584,-2.158,-6.409,-4.592,-2.158,-6.409,-4.592,-0.522,-9.093,-5.832,-0.522,-9.093,-5.832,0.321,-10.141,-6.465,0.775,-10.902,-6.885,0.991,-9.764,-5.889,-0.109,-10.335,-6.798,0.873,-3.411,-3.093,-2.979,-2.927,-2.109,-2.803,-3.596,-1.916,-2.355,-9.6,-0.732,-2.355,-9.6,-0.732,-2.355,-9.6,-0.732,-1.803,-12.253,-3.385,-1.803,-12.253,-3.385,-2.037,-10.3,-4.812,-2.037,-10.3,-4.812,-2.229,-9.284,-4.291,-2.377,-8.287,-3.894,-2.294,-9.224,-3.62,-2.249,-8.661,-4.663,-0.173,-9.565,-0.254,-0.173,-9.565,-0.254,-0.173,-9.565,-0.254,-0.122,-11.949,-3.823,-0.122,-11.949,-3.823,-0.298,-9.593,-5.24,-0.298,-9.593,-5.24,-0.491,-8.462,-4.826,-0.652,-7.235,-4.494,-0.628,-8.183,-4.057,-0.492,-7.781,-5.274,0.173,-10.505,0.297,1.747,-8.869,-0.653,1.747,-8.869,-0.653,1.747,-8.869,-0.653,1.548,-10.984,-3.924,1.548,-10.984,-3.924,1.041,-8.981,-5.595,1.041,-8.981,-5.595,0.805,-7.824,-5.42,0.566,-6.598,-5.398,0.787,-7.289,-4.763,0.606,-7.344,-5.998,3.505,-7.79,-1.369,3.505,-7.79,-1.369,-2.425,-10.016,-2.384,-0.062,-9.873,-2.065,1.882,-9.011,-2.344,3.803,-7.671,-2.713,-2.193,-9.612,0.522,2.064,-8.773,0.343,3.735,-7.58,-0.413,-0.424,-8.176,-2.054,-2.514,-3.113,0.263,-0.086,-3.226,1.39,0.987,-3.179,1.272,1.531,-3.089,1.057,-1.211,-2.388,-3.35,-1.211,-2.388,-3.35,1.04,-2.507,-2.955,1.862,-2.456,-2.868,2.3,-3.407,-0.942,3.505,-7.79,-1.369,4.131,-10.63,-2.358,4.131,-10.63,-2.358,4.721,-12.462,-3.006,4.721,-12.462,-3.006,4.982,-13.586,-3.3,5.223,-14.558,-3.428,5.006,-13.966,-3.932,5.207,-14.011,-2.849,0.0,0.0,0.0
2022-03-18 17:08:47.107000,other,0.0,0.0,0.0,-1.05,-2.007,-1.155,-1.05,-2.007,-1.155,-1.757,-3.881,-2.626,-1.871,-6.375,-4.709,-1.871,-6.375,-4.709,-0.319,-9.07,-6.033,-0.319,-9.07,-6.033,0.499,-10.121,-6.692,0.935,-10.881,-7.133,1.173,-9.784,-6.095,0.068,-10.289,-7.036,0.993,-3.336,-2.981,-2.917,-2.983,-2.188,-2.803,-3.596,-1.916,-2.355,-9.6,-0.732,-2.355,-9.6,-0.732,-2.355,-9.6,-0.732,-1.683,-12.279,-3.331,-1.683,-12.279,-3.331,-2.008,-10.302,-4.707,-2.008,-10.302,-4.707,-2.242,-9.28,-4.216,-2.429,-8.278,-3.848,-2.312,-9.204,-3.547,-2.282,-8.669,-4.606,-0.173,-9.565,-0.254,-0.173,-9.565,-0.254,-0.173,-9.565,-0.254,0.051,-12.003,-3.781,0.051,-12.003,-3.781,-0.27,-9.72,-5.289,-0.27,-9.72,-5.289,-0.539,-8.587,-4.922,-0.783,-7.361,-4.641,-0.7,-8.288,-4.165,-0.581,-7.926,-5.397,0.232,-10.471,0.315,1.747,-8.869,-0.653,1.747,-8.869,-0.653,1.747,-8.869,-0.653,1.595,-11.147,-3.815,1.595,-11.147,-3.815,1.064,-9.328,-5.678,1.064,-9.328,-5.678,0.799,-8.164,-5.645,0.531,-6.951,-5.773,0.759,-7.555,-5.057,0.597,-7.761,-6.279,3.505,-7.79,-1.369,3.505,-7.79,-1.369,-2.425,-10.016,-2.384,-0.062,-9.873,-2.065,1.882,-9.011,-2.344,3.803,-7.671,-2.713,-2.193,-9.612,0.522,2.064,-8.773,0.343,3.735,-7.58,-0.413,-0.424,-8.176,-2.054,-2.514,-3.113,0.263,-0.086,-3.226,1.39,0.987,-3.179,1.272,1.531,-3.089,1.057,-1.211,-2.388,-3.35,-1.211,-2.388,-3.35,1.04,-2.507,-2.955,1.862,-2.456,-2.868,2.3,-3.407,-0.942,3.505,-7.79,-1.369,4.194,-10.545,-2.54,4.194,-10.545,-2.54,4.825,-12.316,-3.309,4.825,-12.316,-3.309,5.113,-13.412,-3.676,5.379,-14.366,-3.867,5.136,-13.752,-4.33,5.358,-13.855,-3.255,0.0,0.0,0.0
2022-03-18 17:08:49.097000,other,0.0,0.0,0.0,-1.05,-2.007,-1.155,-1.05,-2.007,-1.155,-3.076,-3.402,-1.51,-4.907,-6.061,-1.129,-4.907,-6.061,-1.129,-6.352,-9.052,-0.509,-6.352,-9.052,-0.509,-7.346,-10.124,-0.242,-8.036,-10.764,0.032,-6.643,-10.68,-0.59,-7.742,-9.755,-0.043,-1.752,-4.296,-3.84,-3.368,-1.99,-0.993,-2.803,-3.596,-1.916,-2.355,-9.6,-0.732,-2.355,-9.6,-0.732,-2.355,-9.6,-0.732,-2.115,-13.334,-0.114,-2.115,-13.334,-0.114,-1.925,-15.729,0.255,-1.925,-15.729,0.255,-1.774,-16.848,0.513,-1.603,-17.862,0.853,-1.723,-17.328,0.04,-1.688,-17.073,1.198,-0.173,-9.565,-0.254,-0.173,-9.565,-0.254,-0.173,-9.565,-0.254,0.321,-13.829,-0.225,0.321,-13.829,-0.225,0.661,-16.563,-0.196,0.661,-16.563,-0.196,0.832,-17.755,-0.003,1.051,-18.979,0.307,0.861,-18.391,-0.536,0.97,-18.11,0.718,0.149,-9.588,0.843,1.747,-8.869,-0.653,1.747,-8.869,-0.653,1.747,-8.869,-0.653,2.273,-12.727,-0.427,2.273,-12.727,-0.427,2.642,-15.355,-0.305,2.642,-15.355,-0.305,2.747,-16.539,-0.189,2.908,-17.748,0.084,2.741,-17.214,-0.702,2.854,-16.886,0.499,3.505,-7.79,-1.369,3.505,-7.79,-1.369,-2.425,-10.016,-2.384,-0.062,-9.873,-2.065,1.882,-9.011,-2.344,3.803,-7.671,-2.713,-2.193,-9.612,0.522,2.064,-8.773,0.343,3.735,-7.58,-0.413,-0.424,-8.176,-2.054,-2.514,-3.113,0.263,-0.086,-3.226,1.39,0.987,-3.179,1.272,1.531,-3.089,1.057,-1.211,-2.388,-3.35,-1.211,-2.388,-3.35,1.04,-2.507,-2.955,1.862,-2.456,-2.868,2.3,-3.407,-0.942,3.505,-7.79,-1.369,4.115,-10.793,-1.151,4.115,-10.793,-1.151,4.644,-12.754,-1.17,4.644,-12.754,-1.17,4.808,-13.93,-1.26,4.961,-14.926,-1.213,4.81,-14.413,-1.817,4.982,-14.288,-0.736,0.0,0.0,0.0
2022-03-18 17:08:50.100000,other,0.0,0.0,0.0,-1.05,-2.007,-1.155,-1.05,-2.007,-1.155,-3.086,-3.391,-1.489,-4.962,-6.027,-1.165,-4.962,-6.027,-1.165,-6.387,-9.05,-0.663,-6.387,-9.05,-0.663,-7.445,-10.06,-0.401,-8.174,-10.658,-0.131,-6.774,-10.657,-0.745,-7.819,-9.669,-0.205,-1.76,-4.268,-3.825,-3.36,-1.984,-0.95,-2.803,-3.596,-1.916,-2.355,-9.6,-0.732,-2.355,-9.6,-0.732,-2.355,-9.6,-0.732,-2.249,-13.378,-0.417,-2.249,-13.378,-0.417,-2.146,-15.799,-0.23,-2.146,-15.799,-0.23,-2.034,-16.924,0.023,-1.899,-17.945,0.357,-1.998,-17.403,-0.454,-1.958,-17.156,0.706,-0.173,-9.565,-0.254,-0.173,-9.565,-0.254,-0.173,-9.565,-0.254,0.219,-13.838,-0.348,0.219,-13.838,-0.348,0.494,-16.579,-0.399,0.494,-16.579,-0.399,0.641,-17.774,-0.2,0.835,-19.001,0.116,0.659,-18.412,-0.73,0.769,-18.128,0.523,0.153,-9.627,0.841,1.747,-8.869,-0.653,1.747,-8.869,-0.653,1.747,-8.869,-0.653,2.191,-12.736,-0.416,2.191,-12.736,-0.416,2.492,-15.376,-0.365,2.492,-15.376,-0.365,2.566,-16.565,-0.29,2.695,-17.786,-0.059,2.538,-17.222,-0.825,2.667,-16.938,0.385,3.505,-7.79,-1.369,3.505,-7.79,-1.369,-2.425,-10.016,-2.384,-0.062,-9.873,-2.065,1.882,-9.011,-2.344,3.803,-7.671,-2.713,-2.193,-9.612,0.522,2.064,-8.773,0.343,3.735,-7.58,-0.413,-0.424,-8.176,-2.054,-2.514,-3.113,0.263,-0.086,-3.226,1.39,0.987,-3.179,1.272,1.531,-3.089,1.057,-1.211,-2.388,-3.35,-1.211,-2.388,-3.35,1.04,-2.507,-2.955,1.862,-2.456,-2.868,2.3,-3.407,-0.942,3.505,-7.79,-1.369,4.181,-10.77,-1.059,4.181,-10.77,-1.059,4.709,-12.729,-1.164,4.709,-12.729,-1.164,4.876,-13.902,-1.287,5.034,-14.898,-1.268,4.875,-14.37,-1.857,5.058,-14.273,-0.774,0.0,0.0,0.0
2022-03-18 17:08:51.100000,other,0.0,0.0,0.0,-1.05,-2.007,-1.155,-1.05,-2.007,-1.155,-3.057,-3.419,-1.546,-4.873,-6.095,-1.207,-4.873,-6.095,-1.207,-6.221,-9.15,-0.688,-6.221,-9.15,-0.688,-7.263,-10.175,-0.422,-7.984,-10.782,-0.151,-6.578,-10.765,-0.749,-7.647,-9.787,-0.237,-1.683,-4.296,-3.855,-3.37,-2.012,-1.029,-2.803,-3.596,-1.916,-2.355,-9.6,-0.732,-2.355,-9.6,-0.732,-2.355,-9.6,-0.732,-2.275,-13.38,-0.441,-2.275,-13.38,-0.441,-2.189,-15.803,-0.27,-2.189,-15.803,-0.27,-2.085,-16.93,-0.024,-1.956,-17.955,0.304,-2.052,-17.407,-0.503,-2.01,-17.167,0.658,-0.173,-9.565,-0.254,-0.173,-9.565,-0.254,-0.173,-9.565,-0.254,0.237,-13.835,-0.396,0.237,-13.835,-0.396,0.522,-16.573,-0.518,0.522,-16.573,-0.518,0.674,-17.772,-0.347,0.874,-19.005,-0.06,0.694,-18.397,-0.891,0.806,-18.142,0.367,0.154,-9.638,0.84,1.747,-8.869,-0.653,1.747,-8.869,-0.653,1.747,-8.869,-0.653,2.268,-12.728,-0.441,2.268,-12.728,-0.441,2.615,-15.363,-0.439,2.615,-15.363,-0.439,2.711,-16.551,-0.379,2.864,-17.772,-0.163,2.695,-17.201,-0.922,2.82,-16.931,0.291,3.505,-7.79,-1.369,3.505,-7.79,-1.369,-2.425,-10.016,-2.384,-0.062,-9.873,-2.065,1.882,-9.011,-2.344,3.803,-7.671,-2.713,-2.193,-9.612,0.522,2.064,-8.773,0.343,3.735,-7.58,-0.413,-0.424,-8.176,-2.054,-2.514,-3.113,0.263,-0.086,-3.226,1.39,0.987,-3.179,1.272,1.531,-3.089,1.057,-1.211,-2.388,-3.35,-1.211,-2.388,-3.35,1.04,-2.507,-2.955,1.862,-2.456,-2.868,2.3,-3.407,-0.942,3.505,-7.79,-1.369,4.304,-10.745,-1.12,4.304,-10.745,-1.12,4.909,-12.678,-1.276,4.909,-12.678,-1.276,5.142,-13.842,-1.372,5.355,-14.828,-1.33,5.172,-14.322,-1.932,5.339,-14.192,-0.85,0.0,0.0,0.0
2022-03-18 17:08:53.108000,other,0.0,0.0,0.0,-1.05,-2.007,-1.155,-1.05,-2.007,-1.155,-2.476,-3.735,-2.23,-3.739,-6.692,-2.71,-3.739,-6.692,-2.71,-4.556,-9.968,-2.863,-4.556,-9.968,-2.863,-5.213,-11.284,-3.078,-5.733,-12.113,-3.143,-4.3,-11.581,-3.131,-5.744,-11.063,-3.045,-0.207,-4.122,-3.869,-3.222,-2.461,-1.82,-2.803,-3.596,-1.916,-2.355,-9.6,-0.732,-2.355,-9.6,-0.732,-2.355,-9.6,-0.732,-1.707,-11.445,-3.981,-1.707,-11.445,-3.981,-2.134,-9.257,-4.949,-2.134,-9.257,-4.949,-2.391,-8.272,-4.398,-2.601,-7.298,-3.97,-2.466,-8.238,-3.726,-2.443,-7.639,-4.75,-0.173,-9.565,-0.254,-0.173,-9.565,-0.254,-0.173,-9.565,-0.254,0.08,-10.997,-4.293,0.08,-10.997,-4.293,-0.461,-8.511,-5.35,-0.461,-8.511,-5.35,-0.803,-7.422,-4.919,-1.126,-6.232,-4.569,-0.979,-7.177,-4.146,-0.892,-6.74,-5.356,0.323,-10.549,0.053,1.747,-8.869,-0.653,1.747,-8.869,-0.653,1.747,-8.869,-0.653,1.695,-9.949,-4.4,1.695,-9.949,-4.4,0.775,-7.614,-5.274,0.775,-7.614,-5.274,0.386,-6.648,-4.689,-0.028,-5.565,-4.223,0.341,-6.389,-3.883,0.074,-6.035,-5.052,3.505,-7.79,-1.369,3.505,-7.79,-1.369,-2.425,-10.016,-2.384,-0.062,-9.873,-2.065,1.882,-9.011,-2.344,3.803,-7.671,-2.713,-2.193,-9.612,0.522,2.064,-8.773,0.343,3.735,-7.58,-0.413,-0.424,-8.176,-2.054,-2.514,-3.113,0.263,-0.086,-3.226,1.39,0.987,-3.179,1.272,1.531,-3.089,1.057,-1.211,-2.388,-3.35,-1.211,-2.388,-3.35,1.04,-2.507,-2.955,1.862,-2.456,-2.868,2.3,-3.407,-0.942,3.505,-7.79,-1.369,3.835,-10.189,-3.259,3.835,-10.189,-3.259,4.062,-11.535,-4.763,4.062,-11.535,-4.763,4.103,-12.385,-5.596,4.175,-13.182,-6.211,3.963,-12.411,-6.32,4.337,-12.985,-5.456,0.0,0.0,0.0
2022-03-18 17:08:54.105000,other,0.0,0.0,0.0,-1.05,-2.007,-1.155,-1.05,-2.007,-1.155,-2.037,-3.844,-2.507,-2.753,-6.748,-3.782,-2.753,-6.748,-3.782,-2.703,-10.007,-4.674,-2.703,-10.007,-4.674,-2.888,-11.355,-5.27,-3.122,-12.243,-5.614,-1.95,-11.427,-5.071,-3.448,-11.269,-5.377,0.605,-3.736,-3.503,-3.017,-2.732,-2.118,-2.803,-3.596,-1.916,-2.355,-9.6,-0.732,-2.355,-9.6,-0.732,-2.355,-9.6,-0.732,-1.577,-11.946,-3.608,-1.577,-11.946,-3.608,-1.89,-10.273,-5.343,-1.89,-10.273,-5.343,-2.172,-9.153,-5.26,-2.396,-8.093,-5.28,-2.306,-8.853,-4.668,-2.177,-8.716,-5.84,-0.173,-9.565,-0.254,-0.173,-9.565,-0.254,-0.173,-9.565,-0.254,0.173,-11.103,-4.247,0.173,-11.103,-4.247,-0.37,-9.023,-5.971,-0.37,-9.023,-5.971,-0.761,-7.867,-6.0,-1.126,-6.647,-6.139,-1.007,-7.364,-5.388,-0.818,-7.397,-6.663,0.36,-10.518,0.086,1.747,-8.869,-0.653,1.747,-8.869,-0.653,1.747,-8.869,-0.653,1.703,-10.08,-4.359,1.703,-10.08,-4.359,0.877,-8.064,-5.881,0.877,-8.064,-5.881,0.433,-6.963,-5.755,-0.021,-5.8,-5.786,0.293,-6.422,-5.119,0.175,-6.543,-6.357,3.505,-7.79,-1.369,3.505,-7.79,-1.369,-2.425,-10.016,-2.384,-0.062,-9.873,-2.065,1.882,-9.011,-2.344,3.803,-7.671,-2.713,-2.193,-9.612,0.522,2.064,-8.773,0.343,3.735,-7.58,-0.413,-0.424,-8.176,-2.054,-2.514,-3.113,0.263,-0.086,-3.226,1.39,0.987,-3.179,1.272,1.531,-3.089,1.057,-1.211,-2.388,-3.35,-1.211,-2.388,-3.35,1.04,-2.507,-2.955,1.862,-2.456,-2.868,2.3,-3.407,-0.942,3.505,-7.79,-1.369,3.587,-10.107,-3.384,3.587,-10.107,-3.384,3.569,-11.238,-5.071,3.569,-11.238,-5.071,3.431,-11.902,-6.05,3.348,-12.562,-6.809,3.231,-11.766,-6.747,3.595,-12.54,-6.051,0.0,0.0,0.0
2022-03-18 17:08:55.098000,other,0.0,0.0,0.0,-1.05,-2.007,-1.155,-1.05,-2.007,-1.155,-2.353,-3.773,-2.321,-3.49,-6.765,-2.89,-3.49,-6.765,-2.89,-3.65,-10.126,-3.208,-3.65,-10.126,-3.208,-3.634,-11.578,-3.524,-3.726,-12.544,-3.666,-2.683,-11.444,-3.47,-4.208,-11.614,-3.552,0.02,-4.076,-3.824,-3.163,-2.526,-1.949,-2.803,-3.596,-1.916,-2.355,-9.6,-0.732,-2.355,-9.6,-0.732,-2.355,-9.6,-0.732,-1.715,-13.118,-1.996,-1.715,-13.118,-1.996,-1.392,-14.496,-3.971,-1.392,-14.496,-3.971,-1.23,-14.893,-5.048,-1.032,-15.348,-6.01,-1.283,-14.497,-5.594,-1.026,-15.578,-5.176,-0.173,-9.565,-0.254,-0.173,-9.565,-0.254,-0.173,-9.565,-0.254,0.443,-13.34,-2.202,0.443,-13.34,-2.202,0.692,-14.979,-4.402,0.692,-14.979,-4.402,0.743,-15.513,-5.498,0.856,-16.162,-6.598,0.598,-15.209,-6.256,0.959,-16.285,-5.646,0.226,-10.066,0.693,1.747,-8.869,-0.653,1.747,-8.869,-0.653,1.747,-8.869,-0.653,2.413,-12.402,-2.164,2.413,-12.402,-2.164,2.532,-14.103,-4.202,2.532,-14.103,-4.202,2.393,-14.56,-5.296,2.324,-15.171,-6.384,2.174,-14.274,-6.063,2.513,-15.312,-5.456,3.505,-7.79,-1.369,3.505,-7.79,-1.369,-2.425,-10.016,-2.384,-0.062,-9.873,-2.065,1.882,-9.011,-2.344,3.803,-7.671,-2.713,-2.193,-9.612,0.522,2.064,-8.773,0.343,3.735,-7.58,-0.413,-0.424,-8.176,-2.054,-2.514,-3.113,0.263,-0.086,-3.226,1.39,0.987,-3.179,1.272,1.531,-3.089,1.057,-1.211,-2.388,-3.35,-1.211,-2.388,-3.35,1.04,-2.507,-2.955,1.862,-2.456,-2.868,2.3,-3.407,-0.942,3.505,-7.79,-1.369,3.948,-10.672,-2.336,3.948,-10.672,-2.336,3.926,-11.992,-3.879,3.926,-11.992,-3.879,3.658,-12.535,-4.905,3.461,-13.101,-5.716,3.417,-12.31,-5.565,3.766,-13.18,-4.984,0.0,0.0,0.0
2022-03-18 17:08:56.100000,other,0.0,0.0,0.0,-1.05,-2.007,-1.155,-1.05,-2.007,-1.155,-2.961,-3.497,-1.706,-4.672,-6.252,-1.482,-4.672,-6.252,-1.482,-5.869,-9.386,-1.073,-5.869,-9.386,-1.073,-6.746,-10.578,-0.938,-7.376,-11.307,-0.754,-5.952,-11.031,-1.235,-7.201,-10.268,-0.768,-1.394,-4.31,-3.912,-3.373,-2.105,-1.216,-2.803,-3.596,-1.916,-2.355,-9.6,-0.732,-2.355,-9.6,-0.732,-2.355,-9.6,-0.732,-2.139,-13.384,-0.59,-2.139,-13.384,-0.59,-1.966,-15.807,-0.514,-1.966,-15.807,-0.514,-1.82,-16.938,-0.312,-1.655,-17.969,-0.024,-1.771,-17.394,-0.81,-1.737,-17.199,0.361,-0.173,-9.565,-0.254,-0.173,-9.565,-0.254,-0.173,-9.565,-0.254,0.185,-13.834,-0.519,0.185,-13.834,-0.519,0.438,-16.57,-0.719,0.438,-16.57,-0.719,0.573,-17.778,-0.613,0.756,-19.028,-0.393,0.58,-18.375,-1.189,0.705,-18.188,0.08,0.156,-9.673,0.836,1.747,-8.869,-0.653,1.747,-8.869,-0.653,1.747,-8.869,-0.653,2.221,-12.739,-0.585,2.221,-12.739,-0.585,2.53,-15.376,-0.714,2.53,-15.376,-0.714,2.606,-16.567,-0.73,2.739,-17.802,-0.593,2.574,-17.181,-1.313,2.713,-16.99,-0.086,3.505,-7.79,-1.369,3.505,-7.79,-1.369,-2.425,-10.016,-2.384,-0.062,-9.873,-2.065,1.882,-9.011,-2.344,3.803,-7.671,-2.713,-2.193,-9.612,0.522,2.064,-8.773,0.343,3.735,-7.58,-0.413,-0.424,-8.176,-2.054,-2.514,-3.113,0.263,-0.086,-3.226,1.39,0.987,-3.179,1.272,1.531,-3.089,1.057,-1.211,-2.388,-3.35,-1.211,-2.388,-3.35,1.04,-2.507,-2.955,1.862,-2.456,-2.868,2.3,-3.407,-0.942,3.505,-7.79,-1.369,4.042,-10.801,-1.088,4.042,-10.801,-1.088,4.442,-12.78,-1.31,4.442,-12.78,-1.31,4.584,-13.962,-1.355,4.719,-14.958,-1.27,4.573,-14.467,-1.893,4.755,-14.302,-0.818,0.0,0.0,0.0
2022-03-18 17:08:57.101000,other,0.0,0.0,0.0,-1.05,-2.007,-1.155,-1.05,-2.007,-1.155,-2.918,-3.527,-1.769,-4.617,-6.298,-1.702,-4.617,-6.298,-1.702,-5.74,-9.477,-1.473,-5.74,-9.477,-1.473,-6.6,-10.688,-1.425,-7.224,-11.434,-1.299,-5.782,-11.117,-1.694,-7.068,-10.392,-1.268,-1.239,-4.271,-3.916,-3.363,-2.151,-1.264,-2.803,-3.596,-1.916,-2.355,-9.6,-0.732,-2.355,-9.6,-0.732,-2.355,-9.6,-0.732,-2.074,-13.379,-0.888,-2.074,-13.379,-0.888,-1.859,-15.797,-1.003,-1.859,-15.797,-1.003,-1.693,-16.938,-0.891,-1.51,-17.985,-0.686,-1.637,-17.352,-1.423,-1.604,-17.249,-0.241,-0.173,-9.565,-0.254,-0.173,-9.565,-0.254,-0.173,-9.565,-0.254,0.307,-13.785,-0.872,0.307,-13.785,-0.872,0.632,-16.47,-1.399,0.632,-16.47,-1.399,0.804,-17.678,-1.419,1.026,-18.937,-1.331,0.823,-18.211,-2.055,0.953,-18.152,-0.774,0.167,-9.753,0.822,1.747,-8.869,-0.653,1.747,-8.869,-0.653,1.747,-8.869,-0.653,2.374,-12.714,-0.839,2.374,-12.714,-0.839,2.775,-15.315,-1.204,2.775,-15.315,-1.204,2.883,-16.492,-1.374,3.052,-17.73,-1.399,2.857,-17.027,-2.031,3.014,-16.99,-0.792,3.505,-7.79,-1.369,3.505,-7.79,-1.369,-2.425,-10.016,-2.384,-0.062,-9.873,-2.065,1.882,-9.011,-2.344,3.803,-7.671,-2.713,-2.193,-9.612,0.522,2.064,-8.773,0.343,3.735,-7.58,-0.413,-0.424,-8.176,-2.054,-2.514,-3.113,0.263,-0.086,-3.226,1.39,0.987,-3.179,1.272,1.531,-3.089,1.057,-1.211,-2.388,-3.35,-1.211,-2.388,-3.35,1.04,-2.507,-2.955,1.862,-2.456,-2.868,2.3,-3.407,-0.942,3.505,-7.79,-1.369,4.216,-10.778,-1.375,4.216,-10.778,-1.375,4.744,-12.708,-1.728,4.744,-12.708,-1.728,4.944,-13.868,-1.906,5.13,-14.859,-1.933,4.948,-14.31,-2.496,5.142,-14.256,-1.412,0.0,0.0,0.0
2022-03-18 17:08:58.105000,other,0.0,0.0,0.0,-1.05,-2.007,-1.155,-1.05,-2.007,-1.155,-2.99,-3.475,-1.661,-4.756,-6.199,-1.473,-4.756,-6.199,-1.473,-5.829,-9.394,-1.229,-5.829,-9.394,-1.229,-6.566,-10.684,-1.201,-7.11,-11.491,-1.084,-5.724,-11.02,-1.52,-7.054,-10.441,-1.014,-1.453,-4.282,-3.891,-3.37,-2.084,-1.146,-2.803,-3.596,-1.916,-2.355,-9.6,-0.732,-2.355,-9.6,-0.732,-2.355,-9.6,-0.732,-1.963,-13.372,-0.718,-1.963,-13.372,-0.718,-1.676,-15.785,-0.725,-1.676,-15.785,-0.725,-1.479,-16.915,-0.562,-1.265,-17.947,-0.31,-1.408,-17.351,-1.075,-1.383,-17.194,0.101,-0.173,-9.565,-0.254,-0.173,-9.565,-0.254,-0.173,-9.565,-0.254,0.386,-13.791,-0.757,0.386,-13.791,-0.757,0.768,-16.499,-1.091,0.768,-16.499,-1.091,0.964,-17.701,-1.014,1.209,-18.944,-0.823,1.002,-18.282,-1.604,1.114,-18.119,-0.33,0.166,-9.718,0.828,1.747,-8.869,-0.653,1.747,-8.869,-0.653,1.747,-8.869,-0.653,2.428,-12.708,-0.757,2.428,-12.708,-0.757,2.879,-15.316,-0.996,2.879,-15.316,-0.996,3.014,-16.498,-1.089,3.209,-17.731,-1.033,3.008,-17.074,-1.71,3.147,-16.956,-0.474,3.505,-7.79,-1.369,3.505,-7.79,-1.369,-2.425,-10.016,-2.384,-0.062,-9.873,-2.065,1.882,-9.011,-2.344,3.803,-7.671,-2.713,-2.193,-9.612,0.522,2.064,-8.773,0.343,3.735,-7.58,-0.413,-0.424,-8.176,-2.054,-2.514,-3.113,0.263,-0.086,-3.226,1.39,0.987,-3.179,1.272,1.531,-3.089,1.057,-1.211,-2.388,-3.35,-1.211,-2.388,-3.35,1.04,-2.507,-2.955,1.862,-2.456,-2.868,2.3,-3.407,-0.942,3.505,-7.79,-1.369,4.183,-10.785,-1.299,4.183,-10.785,-1.299,4.695,-12.728,-1.593,4.695,-12.728,-1.593,4.875,-13.893,-1.765,5.045,-14.887,-1.787,4.872,-14.338,-2.352,5.067,-14.282,-1.269,0.0,0.0,0.0
2022-03-18 17:09:01.098000,other,0.0,0.0,0.0,-1.05,-2.007,-1.155,-1.05,-2.007,-1.155,-2.142,-3.824,-2.452,-2.707,-6.1,-4.704,-2.707,-6.1,-4.704,-0.616,-8.409,-6.013,-0.616,-8.409,-6.013,0.584,-9.152,-6.48,1.3,-9.736,-6.809,1.007,-8.642,-5.782,0.293,-9.434,-6.889,0.581,-3.444,-3.104,-3.165,-2.89,-1.798,-2.803,-3.596,-1.916,-2.355,-9.6,-0.732,-2.355,-9.6,-0.732,-2.355,-9.6,-0.732,-3.487,-13.212,-0.974,-3.487,-13.212,-0.974,-4.178,-15.535,-1.144,-4.178,-15.535,-1.144,-4.444,-16.661,-1.087,-4.658,-17.712,-0.933,-4.55,-17.039,-1.638,-4.47,-17.016,-0.455,-0.173,-9.565,-0.254,-0.173,-9.565,-0.254,-0.173,-9.565,-0.254,0.526,-13.588,-1.579,0.526,-13.588,-1.579,0.999,-16.168,-2.419,0.999,-16.168,-2.419,1.242,-17.354,-2.571,1.54,-18.6,-2.62,1.285,-17.814,-3.26,1.428,-17.885,-1.981,0.205,-9.909,0.769,1.747,-8.869,-0.653,1.747,-8.869,-0.653,1.747,-8.869,-0.653,1.959,-10.627,-4.127,1.959,-10.627,-4.127,0.974,-8.472,-5.331,0.974,-8.472,-5.331,0.545,-7.491,-4.803,0.087,-6.4,-4.401,0.484,-7.189,-4.014,0.212,-6.911,-5.201,3.505,-7.79,-1.369,3.505,-7.79,-1.369,-2.425,-10.016,-2.384,-0.062,-9.873,-2.065,1.882,-9.011,-2.344,3.803,-7.671,-2.713,-2.193,-9.612,0.522,2.064,-8.773,0.343,3.735,-7.58,-0.413,-0.424,-8.176,-2.054,-2.514,-3.113,0.263,-0.086,-3.226,1.39,0.987,-3.179,1.272,1.531,-3.089,1.057,-1.211,-2.388,-3.35,-1.211,-2.388,-3.35,1.04,-2.507,-2.955,1.862,-2.456,-2.868,2.3,-3.407,-0.942,3.505,-7.79,-1.369,2.884,-8.463,-4.301,2.884,-8.463,-4.301,1.941,-6.839,-5.074,1.941,-6.839,-5.074,1.499,-5.916,-4.464,1.059,-5.108,-4.049,1.589,-5.653,-3.781,1.109,-5.473,-4.756,0.0,0.0,0.0
2022-03-18 17:09:02.101000,other,0.0,0.0,0.0,-1.05,-2.007,-1.155,-1.05,-2.007,-1.155,-2.063,-3.839,-2.494,-2.54,-6.186,-4.693,-2.54,-6.186,-4.693,-0.505,-8.565,-5.964,-0.505,-8.565,-5.964,0.698,-9.323,-6.399,1.414,-9.918,-6.705,1.115,-8.795,-5.713,0.409,-9.616,-6.803,0.667,-3.43,-3.098,-3.116,-2.905,-1.888,-2.803,-3.596,-1.916,-2.355,-9.6,-0.732,-2.355,-9.6,-0.732,-2.355,-9.6,-0.732,-3.435,-13.227,-0.981,-3.435,-13.227,-0.981,-4.094,-15.56,-1.155,-4.094,-15.56,-1.155,-4.343,-16.688,-1.075,-4.54,-17.739,-0.899,-4.445,-17.079,-1.618,-4.361,-17.031,-0.435,-0.173,-9.565,-0.254,-0.173,-9.565,-0.254,-0.173,-9.565,-0.254,0.464,-13.577,-1.641,0.464,-13.577,-1.641,0.897,-16.15,-2.527,0.897,-16.15,-2.527,1.122,-17.336,-2.699,1.402,-18.585,-2.77,1.156,-17.785,-3.396,1.303,-17.88,-2.119,0.203,-9.93,0.763,1.747,-8.869,-0.653,1.747,-8.869,-0.653,1.747,-8.869,-0.653,1.936,-10.692,-4.095,1.936,-10.692,-4.095,1.001,-8.564,-5.383,1.001,-8.564,-5.383,0.571,-7.533,-4.963,0.116,-6.404,-4.679,0.49,-7.158,-4.207,0.259,-6.989,-5.424,3.505,-7.79,-1.369,3.505,-7.79,-1.369,-2.425,-10.016,-2.384,-0.062,-9.873,-2.065,1.882,-9.011,-2.344,3.803,-7.671,-2.713,-2.193,-9.612,0.522,2.064,-8.773,0.343,3.735,-7.58,-0.413,-0.424,-8.176,-2.054,-2.514,-3.113,0.263,-0.086,-3.226,1.39,0.987,-3.179,1.272,1.531,-3.089,1.057,-1.211,-2.388,-3.35,-1.211,-2.388,-3.35,1.04,-2.507,-2.955,1.862,-2.456,-2.868,2.3,-3.407,-0.942,3.505,-7.79,-1.369,2.945,-8.644,-4.266,2.945,-8.644,-4.266,2.013,-7.114,-5.222,2.013,-7.114,-5.222,1.555,-6.156,-4.682,1.103,-5.325,-4.33,1.631,-5.848,-4.016,1.168,-5.736,-5.01,0.0,0.0,0.0
2022-03-18 17:09:05.107000,other,0.0,0.0,0.0,-1.05,-2.007,-1.155,-1.05,-2.007,-1.155,-1.314,-3.902,-2.742,-1.493,-7.069,-3.452,-1.493,-7.069,-3.452,-1.43,-10.442,-3.661,-1.43,-10.442,-3.661,-1.307,-11.902,-3.907,-1.347,-12.872,-4.044,-0.44,-11.761,-3.516,-1.833,-11.942,-4.14,1.465,-3.663,-3.19,-2.443,-2.868,-2.814,-2.803,-3.596,-1.916,-2.355,-9.6,-0.732,-2.355,-9.6,-0.732,-2.355,-9.6,-0.732,-1.076,-12.952,-1.962,-1.076,-12.952,-1.962,-0.626,-13.875,-4.164,-0.626,-13.875,-4.164,-0.803,-13.269,-5.136,-0.903,-12.772,-6.093,-1.056,-12.642,-5.134,-0.61,-13.526,-5.787,-0.173,-9.565,-0.254,-0.173,-9.565,-0.254,-0.173,-9.565,-0.254,0.56,-13.436,-1.958,0.56,-13.436,-1.958,1.054,-15.918,-3.047,1.054,-15.918,-3.047,1.295,-17.054,-3.423,1.594,-18.266,-3.711,1.307,-17.38,-4.185,1.509,-17.681,-2.948,0.226,-9.996,0.727,1.747,-8.869,-0.653,1.747,-8.869,-0.653,1.747,-8.869,-0.653,1.897,-11.104,-3.845,1.897,-11.104,-3.845,1.087,-8.744,-4.76,1.087,-8.744,-4.76,0.793,-7.8,-4.09,0.476,-6.73,-3.53,0.806,-7.597,-3.268,0.504,-7.144,-4.393,3.505,-7.79,-1.369,3.505,-7.79,-1.369,-2.425,-10.016,-2.384,-0.062,-9.873,-2.065,1.882,-9.011,-2.344,3.803,-7.671,-2.713,-2.193,-9.612,0.522,2.064,-8.773,0.343,3.735,-7.58,-0.413,-0.424,-8.176,-2.054,-2.514,-3.113,0.263,-0.086,-3.226,1.39,0.987,-3.179,1.272,1.531,-3.089,1.057,-1.211,-2.388,-3.35,-1.211,-2.388,-3.35,1.04,-2.507,-2.955,1.862,-2.456,-2.868,2.3,-3.407,-0.942,3.505,-7.79,-1.369,3.169,-9.003,-4.171,3.169,-9.003,-4.171,2.116,-7.341,-4.675,2.116,-7.341,-4.675,1.666,-6.497,-3.965,1.213,-5.75,-3.461,1.78,-6.29,-3.267,1.242,-6.05,-4.199,0.0,0.0,0.0
2022-03-18 17:09:06.093000,other,0.0,0.0,0.0,-1.05,-2.007,-1.155,-1.05,-2.007,-1.155,-0.894,-3.882,-2.779,-0.501,-6.93,-3.839,-0.501,-6.93,-3.839,-0.242,-10.232,-4.511,-0.242,-10.232,-4.511,0.157,-11.627,-4.835,0.3,-12.573,-5.046,0.908,-11.399,-4.28,-0.307,-11.72,-5.164,1.86,-3.255,-2.678,-2.128,-2.99,-2.95,-2.803,-3.596,-1.916,-2.355,-9.6,-0.732,-2.355,-9.6,-0.732,-2.355,-9.6,-0.732,-1.119,-12.753,-2.439,-1.119,-12.753,-2.439,-0.296,-14.754,-3.545,-0.296,-14.754,-3.545,0.173,-15.746,-3.916,0.646,-16.689,-4.164,0.271,-15.88,-4.572,0.416,-16.251,-3.454,-0.173,-9.565,-0.254,-0.173,-9.565,-0.254,-0.173,-9.565,-0.254,0.566,-13.308,-2.221,0.566,-13.308,-2.221,1.064,-15.71,-3.476,1.064,-15.71,-3.476,1.324,-16.848,-3.832,1.643,-18.06,-4.098,1.353,-17.184,-4.589,1.539,-17.465,-3.345,0.242,-10.058,0.691,1.747,-8.869,-0.653,1.747,-8.869,-0.653,1.747,-8.869,-0.653,1.915,-10.964,-3.938,1.915,-10.964,-3.938,1.054,-8.562,-4.677,1.054,-8.562,-4.677,0.725,-7.604,-4.045,0.37,-6.524,-3.526,0.719,-7.374,-3.229,0.424,-6.967,-4.373,3.505,-7.79,-1.369,3.505,-7.79,-1.369,-2.425,-10.016,-2.384,-0.062,-9.873,-2.065,1.882,-9.011,-2.344,3.803,-7.671,-2.713,-2.193,-9.612,0.522,2.064,-8.773,0.343,3.735,-7.58,-0.413,-0.424,-8.176,-2.054,-2.514,-3.113,0.263,-0.086,-3.226,1.39,0.987,-3.179,1.272,1.531,-3.089,1.057,-1.211,-2.388,-3.35,-1.211,-2.388,-3.35,1.04,-2.507,-2.955,1.862,-2.456,-2.868,2.3,-3.407,-0.942,3.505,-7.79,-1.369,3.209,-8.946,-4.2,3.209,-8.946,-4.2,2.085,-7.312,-4.638,2.085,-7.312,-4.638,1.598,-6.504,-3.911,1.113,-5.788,-3.391,1.704,-6.307,-3.208,1.155,-6.071,-4.135,0.0,0.0,0.0
2022-03-18 17:09:07.098000,other,0.0,0.0,0.0,-1.05,-2.007,-1.155,-1.05,-2.007,-1.155,-1.207,-3.9,-2.758,-1.245,-7.046,-3.579,-1.245,-7.046,-3.579,-1.302,-10.403,-3.957,-1.302,-10.403,-3.957,-0.878,-11.819,-4.114,-0.717,-12.783,-4.2,-0.086,-11.491,-3.68,-1.368,-11.973,-4.376,1.58,-3.556,-3.065,-2.365,-2.902,-2.85,-2.803,-3.596,-1.916,-2.355,-9.6,-0.732,-2.355,-9.6,-0.732,-2.355,-9.6,-0.732,-1.14,-12.615,-2.685,-1.14,-12.615,-2.685,-0.356,-14.445,-4.079,-0.356,-14.445,-4.079,0.102,-15.374,-4.597,0.57,-16.271,-4.986,0.172,-15.42,-5.269,0.37,-15.931,-4.216,-0.173,-9.565,-0.254,-0.173,-9.565,-0.254,-0.173,-9.565,-0.254,0.496,-13.128,-2.553,0.496,-13.128,-2.553,0.949,-15.415,-4.021,0.949,-15.415,-4.021,1.193,-16.521,-4.473,1.497,-17.71,-4.844,1.207,-16.795,-5.256,1.41,-17.179,-4.042,0.253,-10.142,0.637,1.747,-8.869,-0.653,1.747,-8.869,-0.653,1.747,-8.869,-0.653,1.919,-10.86,-4.001,1.919,-10.86,-4.001,1.025,-8.469,-4.737,1.025,-8.469,-4.737,0.673,-7.504,-4.127,0.296,-6.42,-3.634,0.655,-7.257,-3.317,0.365,-6.879,-4.472,3.505,-7.79,-1.369,3.505,-7.79,-1.369,-2.425,-10.016,-2.384,-0.062,-9.873,-2.065,1.882,-9.011,-2.344,3.803,-7.671,-2.713,-2.193,-9.612,0.522,2.064,-8.773,0.343,3.735,-7.58,-0.413,-0.424,-8.176,-2.054,-2.514,-3.113,0.263,-0.086,-3.226,1.39,0.987,-3.179,1.272,1.531,-3.089,1.057,-1.211,-2.388,-3.35,-1.211,-2.388,-3.35,1.04,-2.507,-2.955,1.862,-2.456,-2.868,2.3,-3.407,-0.942,3.505,-7.79,-1.369,3.188,-8.922,-4.207,3.188,-8.922,-4.207,2.075,-7.272,-4.61,2.075,-7.272,-4.61,1.6,-6.469,-3.869,1.125,-5.756,-3.337,1.712,-6.281,-3.165,1.159,-6.03,-4.085,0.0,0.0,0.0
2022-03-18 17:09:10.104000,other,0.0,0.0,0.0,-1.05,-2.007,-1.155,-1.05,-2.007,-1.155,-1.168,-3.899,-2.763,-0.798,-6.729,-4.32,-0.798,-6.729,-4.32,-0.62,-9.869,-5.555,-0.62,-9.869,-5.555,-0.415,-11.184,-6.218,-0.401,-12.067,-6.644,0.412,-11.152,-5.729,-0.918,-11.16,-6.497,1.574,-3.215,-2.754,-2.427,-3.029,-2.702,-2.803,-3.596,-1.916,-2.355,-9.6,-0.732,-2.355,-9.6,-0.732,-2.355,-9.6,-0.732,-1.728,-12.523,-3.066,-1.728,-12.523,-3.066,-1.523,-12.912,-5.456,-1.523,-12.912,-5.456,-1.543,-12.349,-6.468,-1.51,-11.907,-7.456,-1.674,-11.687,-6.515,-1.377,-12.68,-7.093,-0.173,-9.565,-0.254,-0.173,-9.565,-0.254,-0.173,-9.565,-0.254,0.64,-11.952,-3.728,0.64,-11.952,-3.728,1.052,-13.115,-6.191,1.052,-13.115,-6.191,1.269,-13.701,-7.24,1.567,-14.389,-8.279,1.139,-13.47,-8.026,1.612,-14.436,-7.316,0.412,-10.35,0.338,1.747,-8.869,-0.653,1.747,-8.869,-0.653,1.747,-8.869,-0.653,1.541,-10.538,-4.171,1.541,-10.538,-4.171,1.006,-8.197,-5.309,1.006,-8.197,-5.309,0.804,-7.18,-4.718,0.593,-6.042,-4.246,0.823,-6.918,-3.913,0.593,-6.521,-5.075,3.505,-7.79,-1.369,3.505,-7.79,-1.369,-2.425,-10.016,-2.384,-0.062,-9.873,-2.065,1.882,-9.011,-2.344,3.803,-7.671,-2.713,-2.193,-9.612,0.522,2.064,-8.773,0.343,3.735,-7.58,-0.413,-0.424,-8.176,-2.054,-2.514,-3.113,0.263,-0.086,-3.226,1.39,0.987,-3.179,1.272,1.531,-3.089,1.057,-1.211,-2.388,-3.35,-1.211,-2.388,-3.35,1.04,-2.507,-2.955,1.862,-2.456,-2.868,2.3,-3.407,-0.942,3.505,-7.79,-1.369,2.888,-8.682,-4.243,2.888,-8.682,-4.243,2.052,-7.003,-5.022,2.052,-7.003,-5.022,1.727,-6.092,-4.326,1.385,-5.281,-3.833,1.877,-5.888,-3.633,1.365,-5.597,-4.565,0.0,0.0,0.0
2022-03-18 17:09:13.099000,other,0.0,0.0,0.0,-1.05,-2.007,-1.155,-1.05,-2.007,-1.155,-2.045,-3.842,-2.503,-2.482,-6.161,-4.74,-2.482,-6.161,-4.74,-2.539,-8.928,-6.679,-2.539,-8.928,-6.679,-2.455,-10.048,-7.653,-2.517,-10.81,-8.267,-1.556,-10.098,-7.316,-2.999,-9.981,-7.83,0.69,-3.412,-3.067,-3.11,-2.922,-1.898,-2.803,-3.596,-1.916,-2.355,-9.6,-0.732,-2.355,-9.6,-0.732,-2.355,-9.6,-0.732,-2.227,-11.655,-3.917,-2.227,-11.655,-3.917,-2.064,-11.475,-6.335,-2.064,-11.475,-6.335,-1.932,-11.217,-7.456,-1.775,-11.076,-8.519,-1.903,-10.58,-7.683,-1.834,-11.732,-7.958,-0.173,-9.565,-0.254,-0.173,-9.565,-0.254,-0.173,-9.565,-0.254,-0.216,-10.623,-4.414,-0.216,-10.623,-4.414,-0.31,-7.892,-4.764,-0.31,-7.892,-4.764,-0.499,-7.358,-3.683,-0.657,-6.698,-2.595,-0.631,-7.687,-2.933,-0.502,-6.556,-3.537,0.14,-10.646,-0.053,1.747,-8.869,-0.653,1.747,-8.869,-0.653,1.747,-8.869,-0.653,1.559,-9.722,-4.454,1.559,-9.722,-4.454,0.816,-7.178,-4.644,0.816,-7.178,-4.644,0.659,-6.67,-3.575,0.479,-5.997,-2.537,0.761,-6.892,-2.763,0.398,-5.942,-3.49,3.505,-7.79,-1.369,3.505,-7.79,-1.369,-2.425,-10.016,-2.384,-0.062,-9.873,-2.065,1.882,-9.011,-2.344,3.803,-7.671,-2.713,-2.193,-9.612,0.522,2.064,-8.773,0.343,3.735,-7.58,-0.413,-0.424,-8.176,-2.054,-2.514,-3.113,0.263,-0.086,-3.226,1.39,0.987,-3.179,1.272,1.531,-3.089,1.057,-1.211,-2.388,-3.35,-1.211,-2.388,-3.35,1.04,-2.507,-2.955,1.862,-2.456,-2.868,2.3,-3.407,-0.942,3.505,-7.79,-1.369,3.347,-9.199,-4.094,3.347,-9.199,-4.094,2.215,-7.544,-4.415,2.215,-7.544,-4.415,1.89,-6.897,-3.469,1.531,-6.297,-2.741,2.112,-6.856,-2.767,1.444,-6.416,-3.525,0.0,0.0,0.0
2022-03-18 17:09:14.100000,other,0.0,0.0,0.0,-1.05,-2.007,-1.155,-1.05,-2.007,-1.155,-2.778,-3.609,-1.945,-4.441,-6.24,-2.885,-4.441,-6.24,-2.885,-5.087,-9.431,-3.79,-5.087,-9.431,-3.79,-5.047,-10.792,-4.386,-5.119,-11.715,-4.709,-4.1,-10.631,-4.36,-5.621,-10.846,-4.387,-0.636,-3.962,-3.753,-3.332,-2.352,-1.267,-2.803,-3.596,-1.916,-2.355,-9.6,-0.732,-2.355,-9.6,-0.732,-2.355,-9.6,-0.732,-2.259,-13.055,-2.293,-2.259,-13.055,-2.293,-2.169,-13.672,-4.642,-2.169,-13.672,-4.642,-2.102,-13.418,-5.77,-2.003,-13.28,-6.84,-2.117,-12.783,-6.003,-2.001,-13.932,-6.272,-0.173,-9.565,-0.254,-0.173,-9.565,-0.254,-0.173,-9.565,-0.254,0.328,-13.164,-2.539,0.328,-13.164,-2.539,0.324,-13.535,-5.269,0.324,-13.535,-5.269,0.084,-12.866,-6.261,-0.11,-12.244,-7.365,-0.171,-12.08,-6.334,0.166,-13.108,-7.035,0.227,-10.157,0.639,1.747,-8.869,-0.653,1.747,-8.869,-0.653,1.747,-8.869,-0.653,2.615,-12.067,-2.708,2.615,-12.067,-2.708,2.18,-12.038,-5.33,2.18,-12.038,-5.33,1.68,-11.343,-6.161,1.213,-10.722,-7.14,1.343,-10.566,-6.197,1.591,-11.569,-6.9,3.505,-7.79,-1.369,3.505,-7.79,-1.369,-2.425,-10.016,-2.384,-0.062,-9.873,-2.065,1.882,-9.011,-2.344,3.803,-7.671,-2.713,-2.193,-9.612,0.522,2.064,-8.773,0.343,3.735,-7.58,-0.413,-0.424,-8.176,-2.054,-2.514,-3.113,0.263,-0.086,-3.226,1.39,0.987,-3.179,1.272,1.531,-3.089,1.057,-1.211,-2.388,-3.35,-1.211,-2.388,-3.35,1.04,-2.507,-2.955,1.862,-2.456,-2.868,2.3,-3.407,-0.942,3.505,-7.79,-1.369,4.077,-10.444,-2.805,4.077,-10.444,-2.805,3.427,-10.422,-4.729,3.427,-10.422,-4.729,2.723,-9.813,-5.473,2.127,-9.399,-6.173,2.434,-9.134,-5.476,2.548,-10.065,-6.055,0.0,0.0,0.0
2022-03-18 17:09:16.105000,other,0.0,0.0,0.0,-1.05,-2.007,-1.155,-1.05,-2.007,-1.155,-2.385,-3.764,-2.298,-3.18,-5.636,-4.835,-3.18,-5.636,-4.835,-3.239,-8.079,-7.169,-3.239,-8.079,-7.169,-2.94,-9.068,-8.237,-2.859,-9.758,-8.929,-2.075,-9.063,-7.816,-3.47,-9.038,-8.462,0.333,-3.458,-3.007,-3.32,-2.878,-1.468,-2.803,-3.596,-1.916,-2.355,-9.6,-0.732,-2.355,-9.6,-0.732,-2.355,-9.6,-0.732,-2.899,-13.075,-2.15,-2.899,-13.075,-2.15,-2.992,-13.973,-4.407,-2.992,-13.973,-4.407,-2.928,-13.966,-5.563,-2.849,-14.065,-6.639,-2.839,-13.398,-5.92,-2.94,-14.58,-5.95,-0.173,-9.565,-0.254,-0.173,-9.565,-0.254,-0.173,-9.565,-0.254,0.993,-13.624,0.513,0.993,-13.624,0.513,1.526,-15.656,-1.269,1.526,-15.656,-1.269,1.57,-16.143,-2.387,1.688,-16.737,-3.517,1.354,-15.828,-3.124,1.854,-16.883,-2.577,0.09,-9.355,0.839,1.747,-8.869,-0.653,1.747,-8.869,-0.653,1.747,-8.869,-0.653,3.628,-12.236,-0.074,3.628,-12.236,-0.074,4.202,-13.953,-2.019,4.202,-13.953,-2.019,4.154,-14.405,-3.123,4.209,-14.992,-4.225,3.861,-14.161,-3.879,4.441,-15.105,-3.303,3.505,-7.79,-1.369,3.505,-7.79,-1.369,-2.425,-10.016,-2.384,-0.062,-9.873,-2.065,1.882,-9.011,-2.344,3.803,-7.671,-2.713,-2.193,-9.612,0.522,2.064,-8.773,0.343,3.735,-7.58,-0.413,-0.424,-8.176,-2.054,-2.514,-3.113,0.263,-0.086,-3.226,1.39,0.987,-3.179,1.272,1.531,-3.089,1.057,-1.211,-2.388,-3.35,-1.211,-2.388,-3.35,1.04,-2.507,-2.955,1.862,-2.456,-2.868,2.3,-3.407,-0.942,3.505,-7.79,-1.369,5.41,-10.187,-1.617,5.41,-10.187,-1.617,5.662,-11.105,-3.411,5.662,-11.105,-3.411,5.321,-11.353,-4.525,5.101,-11.665,-5.459,4.883,-11.025,-5.02,5.577,-11.864,-4.851,0.0,0.0,0.0
2022-03-18 17:09:17.108000,other,0.0,0.0,0.0,-1.05,-2.007,-1.155,-1.05,-2.007,-1.155,-2.307,-3.786,-2.352,-3.039,-5.833,-4.77,-3.039,-5.833,-4.77,-3.536,-8.355,-6.963,-3.536,-8.355,-6.963,-3.509,-9.396,-8.024,-3.609,-10.105,-8.694,-2.6,-9.488,-7.726,-4.058,-9.305,-8.174,0.408,-3.458,-3.065,-3.268,-2.872,-1.585,-2.803,-3.596,-1.916,-2.355,-9.6,-0.732,-2.355,-9.6,-0.732,-2.355,-9.6,-0.732,-3.148,-13.025,-2.155,-3.148,-13.025,-2.155,-3.273,-13.73,-4.477,-3.273,-13.73,-4.477,-3.174,-13.526,-5.613,-3.07,-13.441,-6.688,-3.04,-12.912,-5.864,-3.214,-14.061,-6.102,-0.173,-9.565,-0.254,-0.173,-9.565,-0.254,-0.173,-9.565,-0.254,0.799,-13.685,0.454,0.799,-13.685,0.454,1.172,-15.53,-1.558,1.172,-15.53,-1.558,1.179,-15.945,-2.706,1.254,-16.469,-3.873,0.971,-15.572,-3.417,1.423,-16.684,-2.947,0.105,-9.382,0.84,1.747,-8.869,-0.653,1.747,-8.869,-0.653,1.747,-8.869,-0.653,3.418,-12.338,-0.038,3.418,-12.338,-0.038,3.739,-13.884,-2.176,3.739,-13.884,-2.176,3.671,-14.356,-3.27,3.697,-14.968,-4.359,3.396,-14.112,-4.033,3.918,-15.076,-3.433,3.505,-7.79,-1.369,3.505,-7.79,-1.369,-2.425,-10.016,-2.384,-0.062,-9.873,-2.065,1.882,-9.011,-2.344,3.803,-7.671,-2.713,-2.193,-9.612,0.522,2.064,-8.773,0.343,3.735,-7.58,-0.413,-0.424,-8.176,-2.054,-2.514,-3.113,0.263,-0.086,-3.226,1.39,0.987,-3.179,1.272,1.531,-3.089,1.057,-1.211,-2.388,-3.35,-1.211,-2.388,-3.35,1.04,-2.507,-2.955,1.862,-2.456,-2.868,2.3,-3.407,-0.942,3.505,-7.79,-1.369,5.244,-10.277,-1.845,5.244,-10.277,-1.845,5.401,-11.163,-3.666,5.401,-11.163,-3.666,5.002,-11.348,-4.772,4.728,-11.611,-5.707,4.565,-10.977,-5.236,5.215,-11.86,-5.127,0.0,0.0,0.0
2022-03-18 17:09:18.093000,other,0.0,0.0,0.0,-1.05,-2.007,-1.155,-1.05,-2.007,-1.155,-2.101,-3.832,-2.474,-2.537,-5.957,-4.896,-2.537,-5.957,-4.896,-2.368,-8.573,-7.028,-2.368,-8.573,-7.028,-2.035,-9.626,-8.023,-1.932,-10.359,-8.667,-1.181,-9.586,-7.583,-2.559,-9.615,-8.262,0.642,-3.381,-2.978,-3.164,-2.955,-1.805,-2.803,-3.596,-1.916,-2.355,-9.6,-0.732,-2.355,-9.6,-0.732,-2.355,-9.6,-0.732,-2.402,-13.27,-1.688,-2.402,-13.27,-1.688,-2.36,-14.079,-3.979,-2.36,-14.079,-3.979,-2.299,-13.895,-5.121,-2.209,-13.824,-6.198,-2.296,-13.274,-5.391,-2.222,-14.441,-5.593,-0.173,-9.565,-0.254,-0.173,-9.565,-0.254,-0.173,-9.565,-0.254,0.725,-13.684,-1.064,0.725,-13.684,-1.064,0.669,-13.798,-3.816,0.669,-13.798,-3.816,0.434,-13.245,-4.879,0.252,-12.75,-6.046,0.145,-12.485,-5.041,0.556,-13.561,-5.62,0.19,-9.766,0.812,1.747,-8.869,-0.653,1.747,-8.869,-0.653,1.747,-8.869,-0.653,2.788,-12.22,-2.354,2.788,-12.22,-2.354,2.133,-11.674,-4.871,2.133,-11.674,-4.871,1.637,-11.063,-5.769,1.183,-10.538,-6.808,1.279,-10.303,-5.877,1.579,-11.35,-6.49,3.505,-7.79,-1.369,3.505,-7.79,-1.369,-2.425,-10.016,-2.384,-0.062,-9.873,-2.065,1.882,-9.011,-2.344,3.803,-7.671,-2.713,-2.193,-9.612,0.522,2.064,-8.773,0.343,3.735,-7.58,-0.413,-0.424,-8.176,-2.054,-2.514,-3.113,0.263,-0.086,-3.226,1.39,0.987,-3.179,1.272,1.531,-3.089,1.057,-1.211,-2.388,-3.35,-1.211,-2.388,-3.35,1.04,-2.507,-2.955,1.862,-2.456,-2.868,2.3,-3.407,-0.942,3.505,-7.79,-1.369,3.8,-9.724,-3.738,3.8,-9.724,-3.738,2.93,-9.161,-5.485,2.93,-9.161,-5.485,2.154,-8.477,-6.075,1.499,-7.984,-6.663,1.821,-7.833,-5.939,1.968,-8.628,-6.688,0.0,0.0,0.0
2022-03-18 17:09:19.097000,other,0.0,0.0,0.0,-1.05,-2.007,-1.155,-1.05,-2.007,-1.155,-2.16,-3.82,-2.442,-2.706,-5.988,-4.803,-2.706,-5.988,-4.803,-1.446,-8.553,-6.607,-1.446,-8.553,-6.607,-0.86,-9.56,-7.529,-0.583,-10.278,-8.136,-0.075,-9.392,-7.0,-1.35,-9.627,-7.824,0.571,-3.42,-3.045,-3.187,-2.914,-1.757,-2.803,-3.596,-1.916,-2.355,-9.6,-0.732,-2.355,-9.6,-0.732,-2.355,-9.6,-0.732,-2.272,-13.135,-2.102,-2.272,-13.135,-2.102,-2.193,-13.605,-4.485,-2.193,-13.605,-4.485,-2.131,-13.294,-5.599,-2.036,-13.102,-6.661,-2.147,-12.648,-5.799,-2.032,-13.782,-6.127,-0.173,-9.565,-0.254,-0.173,-9.565,-0.254,-0.173,-9.565,-0.254,0.111,-12.857,-2.994,0.111,-12.857,-2.994,-0.005,-12.394,-5.707,-0.005,-12.394,-5.707,-0.169,-11.691,-6.691,-0.288,-11.038,-7.788,-0.361,-10.887,-6.756,-0.087,-11.926,-7.468,0.208,-10.287,0.547,1.747,-8.869,-0.653,1.747,-8.869,-0.653,1.747,-8.869,-0.653,2.116,-11.532,-3.478,2.116,-11.532,-3.478,1.561,-10.922,-6.005,1.561,-10.922,-6.005,1.133,-10.215,-6.866,0.736,-9.588,-7.871,0.855,-9.417,-6.929,1.046,-10.453,-7.601,3.505,-7.79,-1.369,3.505,-7.79,-1.369,-2.425,-10.016,-2.384,-0.062,-9.873,-2.065,1.882,-9.011,-2.344,3.803,-7.671,-2.713,-2.193,-9.612,0.522,2.064,-8.773,0.343,3.735,-7.58,-0.413,-0.424,-8.176,-2.054,-2.514,-3.113,0.263,-0.086,-3.226,1.39,0.987,-3.179,1.272,1.531,-3.089,1.057,-1.211,-2.388,-3.35,-1.211,-2.388,-3.35,1.04,-2.507,-2.955,1.862,-2.456,-2.868,2.3,-3.407,-0.942,3.505,-7.79,-1.369,4.252,-10.264,-3.029,4.252,-10.264,-3.029,3.512,-10.071,-4.911,3.512,-10.071,-4.911,2.76,-9.534,-5.662,2.136,-9.179,-6.371,2.397,-8.892,-5.663,2.626,-9.796,-6.252,0.0,0.0,0.0
2022-03-18 17:09:20.102000,other,0.0,0.0,0.0,-1.05,-2.007,-1.155,-1.05,-2.007,-1.155,-2.164,-3.819,-2.44,-2.721,-5.996,-4.789,-2.721,-5.996,-4.789,-1.026,-8.437,-6.398,-1.026,-8.437,-6.398,-0.744,-9.427,-7.47,-0.674,-10.119,-8.162,0.128,-9.419,-7.065,-1.278,-9.399,-7.685,0.565,-3.425,-3.054,-3.188,-2.909,-1.755,-2.803,-3.596,-1.916,-2.355,-9.6,-0.732,-2.355,-9.6,-0.732,-2.355,-9.6,-0.732,-3.382,-13.248,-0.594,-3.382,-13.248,-0.594,-4.007,-15.596,-0.536,-4.007,-15.596,-0.536,-4.24,-16.723,-0.408,-4.42,-17.769,-0.188,-4.345,-17.136,-0.934,-4.243,-17.041,0.245,-0.173,-9.565,-0.254,-0.173,-9.565,-0.254,-0.173,-9.565,-0.254,0.207,-12.229,-3.599,0.207,-12.229,-3.599,-0.121,-10.561,-5.766,-0.121,-10.561,-5.766,-0.349,-9.56,-6.426,-0.535,-8.562,-7.208,-0.565,-8.794,-6.19,-0.296,-9.497,-7.237,0.266,-10.409,0.381,1.747,-8.869,-0.653,1.747,-8.869,-0.653,1.747,-8.869,-0.653,1.895,-10.945,-3.951,1.895,-10.945,-3.951,1.133,-9.23,-5.832,1.133,-9.23,-5.832,0.683,-8.16,-6.112,0.238,-7.082,-6.561,0.493,-7.442,-5.703,0.478,-7.967,-6.837,3.505,-7.79,-1.369,3.505,-7.79,-1.369,-2.425,-10.016,-2.384,-0.062,-9.873,-2.065,1.882,-9.011,-2.344,3.803,-7.671,-2.713,-2.193,-9.612,0.522,2.064,-8.773,0.343,3.735,-7.58,-0.413,-0.424,-8.176,-2.054,-2.514,-3.113,0.263,-0.086,-3.226,1.39,0.987,-3.179,1.272,1.531,-3.089,1.057,-1.211,-2.388,-3.35,-1.211,-2.388,-3.35,1.04,-2.507,-2.955,1.862,-2.456,-2.868,2.3,-3.407,-0.942,3.505,-7.79,-1.369,3.933,-10.118,-3.327,3.933,-10.118,-3.327,2.906,-9.194,-4.816,2.906,-9.194,-4.816,2.141,-8.33,-5.111,1.47,-7.665,-5.464,1.918,-7.703,-4.795,1.843,-8.329,-5.699,0.0,0.0,0.0
2022-03-18 17:09:21.102000,other,0.0,0.0,0.0,-1.05,-2.007,-1.155,-1.05,-2.007,-1.155,-2.158,-3.821,-2.443,-2.708,-6.001,-4.791,-2.708,-6.001,-4.791,-1.007,-8.441,-6.395,-1.007,-8.441,-6.395,-0.721,-9.433,-7.465,-0.648,-10.125,-8.155,0.15,-9.423,-7.057,-1.255,-9.405,-7.681,0.572,-3.423,-3.053,-3.185,-2.91,-1.761,-2.803,-3.596,-1.916,-2.355,-9.6,-0.732,-2.355,-9.6,-0.732,-2.355,-9.6,-0.732,-3.541,-13.155,-0.152,-3.541,-13.155,-0.152,-4.271,-15.453,0.151,-4.271,-15.453,0.151,-4.554,-16.555,0.369,-4.778,-17.572,0.67,-4.696,-16.999,-0.122,-4.552,-16.824,1.043,-0.173,-9.565,-0.254,-0.173,-9.565,-0.254,-0.173,-9.565,-0.254,-0.068,-12.533,-3.354,-0.068,-12.533,-3.354,-0.216,-11.201,-5.761,-0.216,-11.201,-5.761,-0.333,-10.328,-6.606,-0.408,-9.487,-7.57,-0.469,-9.514,-6.527,-0.268,-10.429,-7.412,0.179,-10.391,0.455,1.747,-8.869,-0.653,1.747,-8.869,-0.653,1.747,-8.869,-0.653,1.786,-11.185,-3.79,1.786,-11.185,-3.79,1.176,-9.809,-5.98,1.176,-9.809,-5.98,0.794,-8.798,-6.487,0.422,-7.814,-7.161,0.626,-8.006,-6.238,0.625,-8.746,-7.245,3.505,-7.79,-1.369,3.505,-7.79,-1.369,-2.425,-10.016,-2.384,-0.062,-9.873,-2.065,1.882,-9.011,-2.344,3.803,-7.671,-2.713,-2.193,-9.612,0.522,2.064,-8.773,0.343,3.735,-7.58,-0.413,-0.424,-8.176,-2.054,-2.514,-3.113,0.263,-0.086,-3.226,1.39,0.987,-3.179,1.272,1.531,-3.089,1.057,-1.211,-2.388,-3.35,-1.211,-2.388,-3.35,1.04,-2.507,-2.955,1.862,-2.456,-2.868,2.3,-3.407,-0.942,3.505,-7.79,-1.369,3.788,-10.368,-3.015,3.788,-10.368,-3.015,2.946,-9.764,-4.762,2.946,-9.764,-4.762,2.265,-8.933,-5.274,1.667,-8.311,-5.798,2.069,-8.243,-5.102,2.005,-9.029,-5.872,0.0,0.0,0.0
2022-03-18 17:09:22.106000,other,0.0,0.0,0.0,-1.05,-2.007,-1.155,-1.05,-2.007,-1.155,-2.065,-3.839,-2.493,-2.505,-6.099,-4.789,-2.505,-6.099,-4.789,-0.956,-8.64,-6.39,-0.956,-8.64,-6.39,-0.737,-9.663,-7.445,-0.71,-10.372,-8.122,0.144,-9.68,-7.06,-1.274,-9.619,-7.648,0.672,-3.402,-3.041,-3.128,-2.931,-1.867,-2.803,-3.596,-1.916,-2.355,-9.6,-0.732,-2.355,-9.6,-0.732,-2.355,-9.6,-0.732,-3.493,-13.179,-0.202,-3.493,-13.179,-0.202,-4.193,-15.49,0.075,-4.193,-15.49,0.075,-4.464,-16.602,0.252,-4.678,-17.63,0.516,-4.595,-17.03,-0.255,-4.466,-16.893,0.917,-0.173,-9.565,-0.254,-0.173,-9.565,-0.254,-0.173,-9.565,-0.254,-0.063,-12.523,-3.363,-0.063,-12.523,-3.363,-0.206,-11.31,-5.832,-0.206,-11.31,-5.832,-0.32,-10.487,-6.726,-0.392,-9.703,-7.737,-0.458,-9.67,-6.695,-0.251,-10.634,-7.525,0.18,-10.393,0.452,1.747,-8.869,-0.653,1.747,-8.869,-0.653,1.747,-8.869,-0.653,1.82,-11.359,-3.654,1.82,-11.359,-3.654,1.22,-10.095,-5.913,1.22,-10.095,-5.913,0.837,-9.12,-6.486,0.467,-8.181,-7.222,0.664,-8.315,-6.287,0.676,-9.116,-7.247,3.505,-7.79,-1.369,3.505,-7.79,-1.369,-2.425,-10.016,-2.384,-0.062,-9.873,-2.065,1.882,-9.011,-2.344,3.803,-7.671,-2.713,-2.193,-9.612,0.522,2.064,-8.773,0.343,3.735,-7.58,-0.413,-0.424,-8.176,-2.054,-2.514,-3.113,0.263,-0.086,-3.226,1.39,0.987,-3.179,1.272,1.531,-3.089,1.057,-1.211,-2.388,-3.35,-1.211,-2.388,-3.35,1.04,-2.507,-2.955,1.862,-2.456,-2.868,2.3,-3.407,-0.942,3.505,-7.79,-1.369,3.797,-10.334,-3.066,3.797,-10.334,-3.066,2.992,-9.847,-4.866,2.992,-9.847,-4.866,2.305,-9.058,-5.436,1.707,-8.478,-6.005,2.089,-8.366,-5.303,2.064,-9.191,-6.035,0.0,0.0,0.0
2022-03-18 17:09:23.096000,other,0.0,0.0,0.0,-1.05,-2.007,-1.155,-1.05,-2.007,-1.155,-1.834,-3.873,-2.597,-2.105,-6.464,-4.543,-2.105,-6.464,-4.543,-0.329,-9.117,-5.651,-0.329,-9.117,-5.651,0.576,-10.146,-6.225,1.076,-10.9,-6.605,1.212,-9.722,-5.641,0.166,-10.368,-6.563,0.908,-3.418,-3.105,-2.951,-2.924,-2.152,-2.803,-3.596,-1.916,-2.355,-9.6,-0.732,-2.355,-9.6,-0.732,-2.355,-9.6,-0.732,-2.978,-13.333,-0.977,-2.978,-13.333,-0.977,-3.325,-15.608,-1.758,-3.325,-15.608,-1.758,-3.417,-16.513,-2.475,-3.478,-17.421,-3.063,-3.408,-16.447,-3.149,-3.448,-17.195,-2.228,-0.173,-9.565,-0.254,-0.173,-9.565,-0.254,-0.173,-9.565,-0.254,-0.096,-11.297,-4.181,-0.096,-11.297,-4.181,-0.348,-8.698,-5.06,-0.348,-8.698,-5.06,-0.575,-7.808,-4.255,-0.776,-6.798,-3.493,-0.705,-7.839,-3.437,-0.612,-7.011,-4.42,0.202,-10.577,0.125,1.747,-8.869,-0.653,1.747,-8.869,-0.653,1.747,-8.869,-0.653,1.592,-9.951,-4.396,1.592,-9.951,-4.396,0.858,-7.476,-5.03,0.858,-7.476,-5.03,0.631,-6.703,-4.149,0.383,-5.781,-3.344,0.679,-6.698,-3.303,0.364,-5.984,-4.279,3.505,-7.79,-1.369,3.505,-7.79,-1.369,-2.425,-10.016,-2.384,-0.062,-9.873,-2.065,1.882,-9.011,-2.344,3.803,-7.671,-2.713,-2.193,-9.612,0.522,2.064,-8.773,0.343,3.735,-7.58,-0.413,-0.424,-8.176,-2.054,-2.514,-3.113,0.263,-0.086,-3.226,1.39,0.987,-3.179,1.272,1.531,-3.089,1.057,-1.211,-2.388,-3.35,-1.211,-2.388,-3.35,1.04,-2.507,-2.955,1.862,-2.456,-2.868,2.3,-3.407,-0.942,3.505,-7.79,-1.369,3.43,-9.257,-4.067,3.43,-9.257,-4.067,2.248,-7.689,-4.589,2.248,-7.689,-4.589,1.777,-6.92,-3.812,1.3,-6.236,-3.244,1.909,-6.746,-3.107,1.315,-6.49,-4.0,0.0,0.0,0.0
2022-03-18 17:09:24.102000,other,0.0,0.0,0.0,-1.05,-2.007,-1.155,-1.05,-2.007,-1.155,-2.085,-3.835,-2.483,-2.672,-6.352,-4.456,-2.672,-6.352,-4.456,-0.773,-8.887,-5.634,-0.773,-8.887,-5.634,0.321,-9.764,-6.126,0.958,-10.432,-6.456,0.842,-9.23,-5.52,-0.026,-10.057,-6.48,0.62,-3.509,-3.231,-3.103,-2.842,-1.915,-2.803,-3.596,-1.916,-2.355,-9.6,-0.732,-2.355,-9.6,-0.732,-2.355,-9.6,-0.732,-1.712,-13.319,-0.36,-1.712,-13.319,-0.36,-1.265,-15.697,-0.136,-1.265,-15.697,-0.136,-0.994,-16.791,0.132,-0.717,-17.779,0.48,-0.886,-17.266,-0.338,-0.892,-17.002,0.819,-0.173,-9.565,-0.254,-0.173,-9.565,-0.254,-0.173,-9.565,-0.254,0.854,-12.679,-3.025,0.854,-12.679,-3.025,0.219,-10.969,-5.09,0.219,-10.969,-5.09,-0.313,-9.878,-4.963,-0.833,-8.707,-4.939,-0.588,-9.485,-4.286,-0.461,-9.344,-5.561,0.354,-10.194,0.543,1.747,-8.869,-0.653,1.747,-8.869,-0.653,1.747,-8.869,-0.653,1.807,-10.496,-4.196,1.807,-10.496,-4.196,0.93,-8.118,-4.995,0.93,-8.118,-4.995,0.583,-7.165,-4.365,0.212,-6.089,-3.85,0.565,-6.934,-3.55,0.279,-6.53,-4.697,3.505,-7.79,-1.369,3.505,-7.79,-1.369,-2.425,-10.016,-2.384,-0.062,-9.873,-2.065,1.882,-9.011,-2.344,3.803,-7.671,-2.713,-2.193,-9.612,0.522,2.064,-8.773,0.343,3.735,-7.58,-0.413,-0.424,-8.176,-2.054,-2.514,-3.113,0.263,-0.086,-3.226,1.39,0.987,-3.179,1.272,1.531,-3.089,1.057,-1.211,-2.388,-3.35,-1.211,-2.388,-3.35,1.04,-2.507,-2.955,1.862,-2.456,-2.868,2.3,-3.407,-0.942,3.505,-7.79,-1.369,3.338,-9.614,-3.835,3.338,-9.614,-3.835,2.363,-7.942,-4.451,2.363,-7.942,-4.451,1.934,-7.008,-3.849,1.502,-6.193,-3.441,2.044,-6.728,-3.176,1.532,-6.574,-4.14,0.0,0.0,0.0
2022-03-18 17:09:25.097000,other,0.0,0.0,0.0,-1.05,-2.007,-1.155,-1.05,-2.007,-1.155,-2.297,-3.788,-2.359,-3.199,-6.295,-4.223,-3.199,-6.295,-4.223,-1.281,-8.797,-5.438,-1.281,-8.797,-5.438,-0.264,-9.711,-6.022,0.318,-10.4,-6.405,0.327,-9.192,-5.469,-0.652,-9.993,-6.342,0.336,-3.612,-3.369,-3.204,-2.737,-1.712,-2.803,-3.596,-1.916,-2.355,-9.6,-0.732,-2.355,-9.6,-0.732,-2.355,-9.6,-0.732,-2.948,-13.295,-1.346,-2.948,-13.295,-1.346,-3.294,-15.666,-1.755,-3.294,-15.666,-1.755,-3.397,-16.817,-1.829,-3.462,-17.898,-1.797,-3.43,-17.143,-2.422,-3.391,-17.24,-1.24,-0.173,-9.565,-0.254,-0.173,-9.565,-0.254,-0.173,-9.565,-0.254,-0.02,-11.167,-4.234,-0.02,-11.167,-4.234,-0.396,-8.552,-5.015,-0.396,-8.552,-5.015,-0.663,-7.7,-4.184,-0.909,-6.724,-3.39,-0.79,-7.762,-3.367,-0.737,-6.9,-4.324,0.25,-10.569,0.093,1.747,-8.869,-0.653,1.747,-8.869,-0.653,1.747,-8.869,-0.653,1.553,-10.046,-4.366,1.553,-10.046,-4.366,0.921,-7.542,-4.993,0.921,-7.542,-4.993,0.683,-6.603,-4.295,0.431,-5.533,-3.702,0.698,-6.429,-3.466,0.444,-5.92,-4.578,3.505,-7.79,-1.369,3.505,-7.79,-1.369,-2.425,-10.016,-2.384,-0.062,-9.873,-2.065,1.882,-9.011,-2.344,3.803,-7.671,-2.713,-2.193,-9.612,0.522,2.064,-8.773,0.343,3.735,-7.58,-0.413,-0.424,-8.176,-2.054,-2.514,-3.113,0.263,-0.086,-3.226,1.39,0.987,-3.179,1.272,1.531,-3.089,1.057,-1.211,-2.388,-3.35,-1.211,-2.388,-3.35,1.04,-2.507,-2.955,1.862,-2.456,-2.868,2.3,-3.407,-0.942,3.505,-7.79,-1.369,3.343,-10.268,-3.177,3.343,-10.268,-3.177,3.236,-11.588,-4.717,3.236,-11.588,-4.717,3.067,-12.391,-5.58,2.947,-13.158,-6.224,2.898,-12.357,-6.297,3.175,-13.032,-5.471,0.0,0.0,0.0
2022-03-18 17:09:26.110000,other,0.0,0.0,0.0,-1.05,-2.007,-1.155,-1.05,-2.007,-1.155,-1.943,-3.859,-2.551,-2.451,-6.612,-4.205,-2.451,-6.612,-4.205,-0.021,-8.876,-4.829,-0.021,-8.876,-4.829,0.922,-9.892,-5.364,1.452,-10.641,-5.709,1.553,-9.386,-4.843,0.514,-10.163,-5.665,0.763,-3.565,-3.307,-2.99,-2.827,-2.12,-2.803,-3.596,-1.916,-2.355,-9.6,-0.732,-2.355,-9.6,-0.732,-2.355,-9.6,-0.732,-3.389,-13.217,-1.216,-3.389,-13.217,-1.216,-4.017,-15.542,-1.542,-4.017,-15.542,-1.542,-4.254,-16.675,-1.531,-4.443,-17.736,-1.42,-4.341,-17.035,-2.098,-4.281,-17.055,-0.913,-0.173,-9.565,-0.254,-0.173,-9.565,-0.254,-0.173,-9.565,-0.254,-0.077,-13.15,-2.613,-0.077,-13.15,-2.613,-0.227,-11.673,-4.933,-0.227,-11.673,-4.933,-0.45,-10.477,-4.838,-0.643,-9.21,-4.849,-0.601,-10.006,-4.173,-0.462,-9.941,-5.453,0.166,-10.215,0.624,1.747,-8.869,-0.653,1.747,-8.869,-0.653,1.747,-8.869,-0.653,1.788,-11.072,-3.87,1.788,-11.072,-3.87,1.077,-8.89,-5.21,1.077,-8.89,-5.21,0.754,-7.792,-4.872,0.419,-6.604,-4.677,0.711,-7.355,-4.147,0.502,-7.255,-5.375,3.505,-7.79,-1.369,3.505,-7.79,-1.369,-2.425,-10.016,-2.384,-0.062,-9.873,-2.065,1.882,-9.011,-2.344,3.803,-7.671,-2.713,-2.193,-9.612,0.522,2.064,-8.773,0.343,3.735,-7.58,-0.413,-0.424,-8.176,-2.054,-2.514,-3.113,0.263,-0.086,-3.226,1.39,0.987,-3.179,1.272,1.531,-3.089,1.057,-1.211,-2.388,-3.35,-1.211,-2.388,-3.35,1.04,-2.507,-2.955,1.862,-2.456,-2.868,2.3,-3.407,-0.942,3.505,-7.79,-1.369,4.012,-10.601,-2.5,4.012,-10.601,-2.5,4.525,-12.419,-3.244,4.525,-12.419,-3.244,4.741,-13.537,-3.596,4.945,-14.509,-3.773,4.74,-13.887,-4.245,4.959,-13.989,-3.169,0.0,0.0,0.0
2022-03-18 17:09:27.107000,other,0.0,0.0,0.0,-1.05,-2.007,-1.155,-1.05,-2.007,-1.155,-2.1,-3.832,-2.475,-2.818,-6.581,-4.056,-2.818,-6.581,-4.056,-1.031,-9.288,-5.002,-1.031,-9.288,-5.002,-0.339,-10.446,-5.628,0.013,-11.272,-6.02,0.425,-10.051,-5.199,-0.822,-10.646,-5.871,0.558,-3.646,-3.416,-3.077,-2.758,-1.986,-2.803,-3.596,-1.916,-2.355,-9.6,-0.732,-2.355,-9.6,-0.732,-2.355,-9.6,-0.732,-3.311,-13.157,-1.637,-3.311,-13.157,-1.637,-3.856,-15.318,-2.604,-3.856,-15.318,-2.604,-4.063,-16.39,-2.991,-4.231,-17.427,-3.255,-4.089,-16.541,-3.65,-4.133,-16.953,-2.538,-0.173,-9.565,-0.254,-0.173,-9.565,-0.254,-0.173,-9.565,-0.254,0.057,-12.546,-3.335,0.057,-12.546,-3.335,-0.212,-10.477,-5.134,-0.212,-10.477,-5.134,-0.471,-9.313,-4.873,-0.702,-8.063,-4.707,-0.633,-8.944,-4.148,-0.502,-8.697,-5.407,0.21,-10.372,0.461,1.747,-8.869,-0.653,1.747,-8.869,-0.653,1.747,-8.869,-0.653,1.798,-11.099,-3.852,1.798,-11.099,-3.852,1.082,-8.897,-5.156,1.082,-8.897,-5.156,0.757,-7.798,-4.822,0.419,-6.61,-4.633,0.713,-7.358,-4.099,0.503,-7.263,-5.328,3.505,-7.79,-1.369,3.505,-7.79,-1.369,-2.425,-10.016,-2.384,-0.062,-9.873,-2.065,1.882,-9.011,-2.344,3.803,-7.671,-2.713,-2.193,-9.612,0.522,2.064,-8.773,0.343,3.735,-7.58,-0.413,-0.424,-8.176,-2.054,-2.514,-3.113,0.263,-0.086,-3.226,1.39,0.987,-3.179,1.272,1.531,-3.089,1.057,-1.211,-2.388,-3.35,-1.211,-2.388,-3.35,1.04,-2.507,-2.955,1.862,-2.456,-2.868,2.3,-3.407,-0.942,3.505,-7.79,-1.369,3.29,-9.752,-3.723,3.29,-9.752,-3.723,3.051,-10.494,-5.598,3.051,-10.494,-5.598,2.78,-10.909,-6.681,2.577,-11.374,-7.554,2.552,-10.604,-7.313,2.873,-11.543,-6.833,0.0,0.0,0.0
